"STATION","DATE","LATITUDE","LONGITUDE","ELEVATION","NAME","TEMP","TEMP_ATTRIBUTES","DEWP","DEWP_ATTRIBUTES","SLP","SLP_ATTRIBUTES","STP","STP_ATTRIBUTES","VISIB","VISIB_ATTRIBUTES","WDSP","WDSP_ATTRIBUTES","MXSPD","GUST","MAX","MAX_ATTRIBUTES","MIN","MIN_ATTRIBUTES","PRCP","PRCP_ATTRIBUTES","SNDP","FRSHTT"
"99999923908","2011-01-01","37.4277","-94.5829","290.2","JOPLIN 24 N, MO US","  23.7","24","9999.9"," 0","9999.9"," 0","999.9"," 0","999.9"," 0","999.9"," 0","999.9","999.9","  37.0"," ","  16.0"," "," 0.36","G","999.9","000000"
"99999923908","2011-01-02","37.4277","-94.5829","290.2","JOPLIN 24 N, MO US","  24.0","24","9999.9"," 0","9999.9"," 0","999.9"," 0","999.9"," 0","999.9"," 0","999.9","999.9","  38.3"," ","  14.4"," "," 0.00","G","999.9","000000"
"99999923908","2011-01-03","37.4277","-94.5829","290.2","JOPLIN 24 N, MO US","  32.9","24","9999.9"," 0","9999.9"," 0","999.9"," 0","999.9"," 0","999.9"," 0","999.9","999.9","  48.4"," ","  23.9"," "," 0.00","G","999.9","000000"
"99999923908","2011-01-04","37.4277","-94.5829","290.2","JOPLIN 24 N, MO US","  30.6","24","9999.9"," 0","9999.9"," 0","999.9"," 0","999.9"," 0","999.9"," 0","999.9","999.9","  43.9"," ","  19.8"," "," 0.00","G","999.9","000000"
"99999923908","2011-01-05","37.4277","-94.5829","290.2","JOPLIN 24 N, MO US","  34.0","24","9999.9"," 0","9999.9"," 0","999.9"," 0","999.9"," 0","999.9"," 0","999.9","999.9","  48.7"," ","  22.1"," "," 0.00","G","999.9","000000"
"99999923908","2011-01-06","37.4277","-94.5829","290.2","JOPLIN 24 N, MO US","  37.4","24","9999.9"," 0","9999.9"," 0","999.9"," 0","999.9"," 0","999.9"," 0","999.9","999.9","  55.0"," ","  25.3"," "," 0.00","G","999.9","000000"
"99999923908","2011-01-07","37.4277","-94.5829","290.2","JOPLIN 24 N, MO US","  41.9","24","9999.9"," 0","9999.9"," 0","999.9"," 0","999.9"," 0","999.9"," 0","999.9","999.9","  50.4"," ","  34.5"," "," 0.00","G","999.9","000000"
"99999923908","2011-01-08","37.4277","-94.5829","290.2","JOPLIN 24 N, MO US","  29.2","24","9999.9"," 0","9999.9"," 0","999.9"," 0","999.9"," 0","999.9"," 0","999.9","999.9","  42.3"," ","  18.1"," "," 0.00","G","999.9","000000"
"99999923908","2011-01-09","37.4277","-94.5829","290.2","JOPLIN 24 N, MO US","  25.0","24","9999.9"," 0","9999.9"," 0","999.9"," 0","999.9"," 0","999.9"," 0","999.9","999.9","  30.7"," ","  20.5"," "," 0.00","G","999.9","000000"
"99999923908","2011-01-10","37.4277","-94.5829","290.2","JOPLIN 24 N, MO US","  26.2","24","9999.9"," 0","9999.9"," 0","999.9"," 0","999.9"," 0","999.9"," 0","999.9","999.9","  29.7"," ","  23.9"," "," 0.00","G","999.9","000000"
"99999923908","2011-01-11","37.4277","-94.5829","290.2","JOPLIN 24 N, MO US","  16.7","24","9999.9"," 0","9999.9"," 0","999.9"," 0","999.9"," 0","999.9"," 0","999.9","999.9","  27.1"," ","   8.2"," "," 0.17","G","999.9","000000"
"99999923908","2011-01-12","37.4277","-94.5829","290.2","JOPLIN 24 N, MO US","   7.9","24","9999.9"," 0","9999.9"," 0","999.9"," 0","999.9"," 0","999.9"," 0","999.9","999.9","  15.6"," ","   0.9"," "," 0.00","G","999.9","000000"
"99999923908","2011-01-13","37.4277","-94.5829","290.2","JOPLIN 24 N, MO US","  10.0","24","9999.9"," 0","9999.9"," 0","999.9"," 0","999.9"," 0","999.9"," 0","999.9","999.9","  31.1"," ","  -0.2"," "," 0.00","G","999.9","000000"
"99999923908","2011-01-14","37.4277","-94.5829","290.2","JOPLIN 24 N, MO US","  27.2","24","9999.9"," 0","9999.9"," 0","999.9"," 0","999.9"," 0","999.9"," 0","999.9","999.9","  39.4"," ","  18.5"," "," 0.00","G","999.9","000000"
"99999923908","2011-01-15","37.4277","-94.5829","290.2","JOPLIN 24 N, MO US","  33.1","24","9999.9"," 0","9999.9"," 0","999.9"," 0","999.9"," 0","999.9"," 0","999.9","999.9","  41.4"," ","  24.6"," "," 0.00","G","999.9","000000"
"99999923908","2011-01-16","37.4277","-94.5829","290.2","JOPLIN 24 N, MO US","  27.2","24","9999.9"," 0","9999.9"," 0","999.9"," 0","999.9"," 0","999.9"," 0","999.9","999.9","  39.0"," ","  19.2"," "," 0.00","G","999.9","000000"
"99999923908","2011-01-17","37.4277","-94.5829","290.2","JOPLIN 24 N, MO US","  34.5","24","9999.9"," 0","9999.9"," 0","999.9"," 0","999.9"," 0","999.9"," 0","999.9","999.9","  44.2"," ","  23.2"," "," 0.00","G","999.9","000000"
"99999923908","2011-01-18","37.4277","-94.5829","290.2","JOPLIN 24 N, MO US","  35.5","24","9999.9"," 0","9999.9"," 0","999.9"," 0","999.9"," 0","999.9"," 0","999.9","999.9","  43.2"," ","  27.9","*"," 0.00","G","999.9","000000"
"99999923908","2011-01-19","37.4277","-94.5829","290.2","JOPLIN 24 N, MO US","  25.4","24","9999.9"," 0","9999.9"," 0","999.9"," 0","999.9"," 0","999.9"," 0","999.9","999.9","  29.1"," ","  19.9"," "," 0.00","G","999.9","000000"
"99999923908","2011-01-20","37.4277","-94.5829","290.2","JOPLIN 24 N, MO US","  20.6","24","9999.9"," 0","9999.9"," 0","999.9"," 0","999.9"," 0","999.9"," 0","999.9","999.9","  28.4"," ","  13.5"," "," 0.02","G","999.9","000000"
"99999923908","2011-01-21","37.4277","-94.5829","290.2","JOPLIN 24 N, MO US","  19.3","24","9999.9"," 0","9999.9"," 0","999.9"," 0","999.9"," 0","999.9"," 0","999.9","999.9","  29.3"," ","  11.3"," "," 0.10","G","999.9","000000"
"99999923908","2011-01-22","37.4277","-94.5829","290.2","JOPLIN 24 N, MO US","  27.3","24","9999.9"," 0","9999.9"," 0","999.9"," 0","999.9"," 0","999.9"," 0","999.9","999.9","  41.9"," ","  15.4"," "," 0.00","G","999.9","000000"
"99999923908","2011-01-23","37.4277","-94.5829","290.2","JOPLIN 24 N, MO US","  32.2","24","9999.9"," 0","9999.9"," 0","999.9"," 0","999.9"," 0","999.9"," 0","999.9","999.9","  39.4"," ","  20.3","*"," 0.00","G","999.9","000000"
"99999923908","2011-01-24","37.4277","-94.5829","290.2","JOPLIN 24 N, MO US","  25.0","24","9999.9"," 0","9999.9"," 0","999.9"," 0","999.9"," 0","999.9"," 0","999.9","999.9","  38.3"," ","  18.9"," "," 0.00","G","999.9","000000"
"99999923908","2011-01-25","37.4277","-94.5829","290.2","JOPLIN 24 N, MO US","  29.5","24","9999.9"," 0","9999.9"," 0","999.9"," 0","999.9"," 0","999.9"," 0","999.9","999.9","  44.1"," ","  18.9"," "," 0.00","G","999.9","000000"
"99999923908","2011-01-26","37.4277","-94.5829","290.2","JOPLIN 24 N, MO US","  31.0","24","9999.9"," 0","9999.9"," 0","999.9"," 0","999.9"," 0","999.9"," 0","999.9","999.9","  42.6"," ","  23.7"," "," 0.00","G","999.9","000000"
"99999923908","2011-01-27","37.4277","-94.5829","290.2","JOPLIN 24 N, MO US","  31.4","24","9999.9"," 0","9999.9"," 0","999.9"," 0","999.9"," 0","999.9"," 0","999.9","999.9","  53.1"," ","  20.3"," "," 0.00","G","999.9","000000"
"99999923908","2011-01-28","37.4277","-94.5829","290.2","JOPLIN 24 N, MO US","  40.7","24","9999.9"," 0","9999.9"," 0","999.9"," 0","999.9"," 0","999.9"," 0","999.9","999.9","  63.0"," ","  27.1"," "," 0.00","G","999.9","000000"
"99999923908","2011-01-29","37.4277","-94.5829","290.2","JOPLIN 24 N, MO US","  47.6","24","9999.9"," 0","9999.9"," 0","999.9"," 0","999.9"," 0","999.9"," 0","999.9","999.9","  69.4"," ","  30.9"," "," 0.00","G","999.9","000000"
"99999923908","2011-01-30","37.4277","-94.5829","290.2","JOPLIN 24 N, MO US","  34.6","24","9999.9"," 0","9999.9"," 0","999.9"," 0","999.9"," 0","999.9"," 0","999.9","999.9","  63.0"," ","  28.4"," "," 0.00","G","999.9","000000"
"99999923908","2011-01-31","37.4277","-94.5829","290.2","JOPLIN 24 N, MO US","  33.7","24","9999.9"," 0","9999.9"," 0","999.9"," 0","999.9"," 0","999.9"," 0","999.9","999.9","  37.4"," ","  30.0"," "," 0.00","G","999.9","000000"
"99999923908","2011-02-01","37.4277","-94.5829","290.2","JOPLIN 24 N, MO US","  21.4","24","9999.9"," 0","9999.9"," 0","999.9"," 0","999.9"," 0","999.9"," 0","999.9","999.9","  33.6"," ","  13.6"," "," 0.01","G","999.9","000000"
"99999923908","2011-02-02","37.4277","-94.5829","290.2","JOPLIN 24 N, MO US","  10.3","24","9999.9"," 0","9999.9"," 0","999.9"," 0","999.9"," 0","999.9"," 0","999.9","999.9","  16.5"," ","   3.6"," "," 1.30","G","999.9","000000"
"99999923908","2011-02-03","37.4277","-94.5829","290.2","JOPLIN 24 N, MO US","   1.8","24","9999.9"," 0","9999.9"," 0","999.9"," 0","999.9"," 0","999.9"," 0","999.9","999.9","  14.9"," "," -13.9"," "," 0.00","G","999.9","000000"
"99999923908","2011-02-04","37.4277","-94.5829","290.2","JOPLIN 24 N, MO US","   8.8","24","9999.9"," 0","9999.9"," 0","999.9"," 0","999.9"," 0","999.9"," 0","999.9","999.9","  23.5"," ","  -7.8"," "," 0.00","G","999.9","000000"
"99999923908","2011-02-05","37.4277","-94.5829","290.2","JOPLIN 24 N, MO US","  21.1","24","9999.9"," 0","9999.9"," 0","999.9"," 0","999.9"," 0","999.9"," 0","999.9","999.9","  34.3"," ","  10.2"," "," 0.06","G","999.9","000000"
"99999923908","2011-02-06","37.4277","-94.5829","290.2","JOPLIN 24 N, MO US","  31.7","24","9999.9"," 0","9999.9"," 0","999.9"," 0","999.9"," 0","999.9"," 0","999.9","999.9","  39.0"," ","  21.7"," "," 0.01","G","999.9","000000"
"99999923908","2011-02-07","37.4277","-94.5829","290.2","JOPLIN 24 N, MO US","  31.4","24","9999.9"," 0","9999.9"," 0","999.9"," 0","999.9"," 0","999.9"," 0","999.9","999.9","  36.7"," ","  24.6","*"," 0.00","G","999.9","000000"
"99999923908","2011-02-08","37.4277","-94.5829","290.2","JOPLIN 24 N, MO US","  12.5","24","9999.9"," 0","9999.9"," 0","999.9"," 0","999.9"," 0","999.9"," 0","999.9","999.9","  28.9"," ","   6.8"," "," 0.00","G","999.9","000000"
"99999923908","2011-02-09","37.4277","-94.5829","290.2","JOPLIN 24 N, MO US","   9.5","24","9999.9"," 0","9999.9"," 0","999.9"," 0","999.9"," 0","999.9"," 0","999.9","999.9","  17.2"," ","   6.8"," "," 0.03","G","999.9","000000"
"99999923908","2011-02-10","37.4277","-94.5829","290.2","JOPLIN 24 N, MO US","   1.9","24","9999.9"," 0","9999.9"," 0","999.9"," 0","999.9"," 0","999.9"," 0","999.9","999.9","  18.5"," "," -15.0"," "," 0.19","G","999.9","000000"
"99999923908","2011-02-11","37.4277","-94.5829","290.2","JOPLIN 24 N, MO US","  15.3","24","9999.9"," 0","9999.9"," 0","999.9"," 0","999.9"," 0","999.9"," 0","999.9","999.9","  34.2"," ","   7.2"," "," 0.00","G","999.9","000000"
"99999923908","2011-02-12","37.4277","-94.5829","290.2","JOPLIN 24 N, MO US","  27.8","24","9999.9"," 0","9999.9"," 0","999.9"," 0","999.9"," 0","999.9"," 0","999.9","999.9","  41.2"," ","  14.2"," "," 0.00","G","999.9","000000"
"99999923908","2011-02-13","37.4277","-94.5829","290.2","JOPLIN 24 N, MO US","  37.3","24","9999.9"," 0","9999.9"," 0","999.9"," 0","999.9"," 0","999.9"," 0","999.9","999.9","  45.0"," ","  27.0"," "," 0.00","G","999.9","000000"
"99999923908","2011-02-14","37.4277","-94.5829","290.2","JOPLIN 24 N, MO US","  42.0","24","9999.9"," 0","9999.9"," 0","999.9"," 0","999.9"," 0","999.9"," 0","999.9","999.9","  46.9"," ","  30.9"," "," 0.00","G","999.9","000000"
"99999923908","2011-02-15","37.4277","-94.5829","290.2","JOPLIN 24 N, MO US","  42.9","24","9999.9"," 0","9999.9"," 0","999.9"," 0","999.9"," 0","999.9"," 0","999.9","999.9","  55.2"," ","  32.0"," "," 0.00","G","999.9","000000"
"99999923908","2011-02-16","37.4277","-94.5829","290.2","JOPLIN 24 N, MO US","  47.2","24","9999.9"," 0","9999.9"," 0","999.9"," 0","999.9"," 0","999.9"," 0","999.9","999.9","  64.8"," ","  35.8"," "," 0.00","G","999.9","000000"
"99999923908","2011-02-17","37.4277","-94.5829","290.2","JOPLIN 24 N, MO US","  62.4","24","9999.9"," 0","9999.9"," 0","999.9"," 0","999.9"," 0","999.9"," 0","999.9","999.9","  72.3"," ","  57.0"," "," 0.00","G","999.9","000000"
"99999923908","2011-02-18","37.4277","-94.5829","290.2","JOPLIN 24 N, MO US","  59.1","24","9999.9"," 0","9999.9"," 0","999.9"," 0","999.9"," 0","999.9"," 0","999.9","999.9","  70.0"," ","  44.1"," "," 0.00","G","999.9","000000"
"99999923908","2011-02-19","37.4277","-94.5829","290.2","JOPLIN 24 N, MO US","  55.4","24","9999.9"," 0","9999.9"," 0","999.9"," 0","999.9"," 0","999.9"," 0","999.9","999.9","  70.9"," ","  42.4"," "," 0.00","G","999.9","000000"
"99999923908","2011-02-20","37.4277","-94.5829","290.2","JOPLIN 24 N, MO US","  59.2","24","9999.9"," 0","9999.9"," 0","999.9"," 0","999.9"," 0","999.9"," 0","999.9","999.9","  69.8"," ","  53.8"," "," 0.00","G","999.9","000000"
"99999923908","2011-02-21","37.4277","-94.5829","290.2","JOPLIN 24 N, MO US","  44.9","24","9999.9"," 0","9999.9"," 0","999.9"," 0","999.9"," 0","999.9"," 0","999.9","999.9","  63.9"," ","  30.9"," "," 0.00","G","999.9","000000"
"99999923908","2011-02-22","37.4277","-94.5829","290.2","JOPLIN 24 N, MO US","  30.7","24","9999.9"," 0","9999.9"," 0","999.9"," 0","999.9"," 0","999.9"," 0","999.9","999.9","  45.1"," ","  19.4"," "," 0.33","G","999.9","000000"
"99999923908","2011-02-23","37.4277","-94.5829","290.2","JOPLIN 24 N, MO US","  47.3","24","9999.9"," 0","9999.9"," 0","999.9"," 0","999.9"," 0","999.9"," 0","999.9","999.9","  66.6"," ","  37.0"," "," 0.05","G","999.9","000000"
"99999923908","2011-02-24","37.4277","-94.5829","290.2","JOPLIN 24 N, MO US","  48.6","24","9999.9"," 0","9999.9"," 0","999.9"," 0","999.9"," 0","999.9"," 0","999.9","999.9","  64.6"," ","  37.4","*"," 0.00","G","999.9","000000"
"99999923908","2011-02-25","37.4277","-94.5829","290.2","JOPLIN 24 N, MO US","  31.3","24","9999.9"," 0","9999.9"," 0","999.9"," 0","999.9"," 0","999.9"," 0","999.9","999.9","  38.3"," ","  28.8"," "," 1.69","G","999.9","000000"
"99999923908","2011-02-26","37.4277","-94.5829","290.2","JOPLIN 24 N, MO US","  33.7","24","9999.9"," 0","9999.9"," 0","999.9"," 0","999.9"," 0","999.9"," 0","999.9","999.9","  42.3"," ","  28.8"," "," 0.00","G","999.9","000000"
"99999923908","2011-02-27","37.4277","-94.5829","290.2","JOPLIN 24 N, MO US","  50.3","24","9999.9"," 0","9999.9"," 0","999.9"," 0","999.9"," 0","999.9"," 0","999.9","999.9","  67.5"," ","  30.9"," "," 0.00","G","999.9","000000"
"99999923908","2011-02-28","37.4277","-94.5829","290.2","JOPLIN 24 N, MO US","  44.2","24","9999.9"," 0","9999.9"," 0","999.9"," 0","999.9"," 0","999.9"," 0","999.9","999.9","  66.9"," ","  33.3"," "," 0.94","G","999.9","000000"
"99999923908","2011-03-01","37.4277","-94.5829","290.2","JOPLIN 24 N, MO US","  40.6","24","9999.9"," 0","9999.9"," 0","999.9"," 0","999.9"," 0","999.9"," 0","999.9","999.9","  64.8"," ","  28.4"," "," 0.00","G","999.9","000000"
"99999923908","2011-03-02","37.4277","-94.5829","290.2","JOPLIN 24 N, MO US","  47.3","24","9999.9"," 0","9999.9"," 0","999.9"," 0","999.9"," 0","999.9"," 0","999.9","999.9","  63.0"," ","  35.2"," "," 0.00","G","999.9","000000"
"99999923908","2011-03-03","37.4277","-94.5829","290.2","JOPLIN 24 N, MO US","  51.7","24","9999.9"," 0","9999.9"," 0","999.9"," 0","999.9"," 0","999.9"," 0","999.9","999.9","  70.0"," ","  40.6"," "," 0.00","G","999.9","000000"
"99999923908","2011-03-04","37.4277","-94.5829","290.2","JOPLIN 24 N, MO US","  54.3","24","9999.9"," 0","9999.9"," 0","999.9"," 0","999.9"," 0","999.9"," 0","999.9","999.9","  65.8"," ","  42.1","*"," 0.00","G","999.9","000000"
"99999923908","2011-03-05","37.4277","-94.5829","290.2","JOPLIN 24 N, MO US","  35.4","24","9999.9"," 0","9999.9"," 0","999.9"," 0","999.9"," 0","999.9"," 0","999.9","999.9","  43.2"," ","  26.2"," "," 0.01","G","999.9","000000"
"99999923908","2011-03-06","37.4277","-94.5829","290.2","JOPLIN 24 N, MO US","  32.3","24","9999.9"," 0","9999.9"," 0","999.9"," 0","999.9"," 0","999.9"," 0","999.9","999.9","  50.9"," ","  21.4"," "," 0.00","G","999.9","000000"
"99999923908","2011-03-07","37.4277","-94.5829","290.2","JOPLIN 24 N, MO US","  42.9","24","9999.9"," 0","9999.9"," 0","999.9"," 0","999.9"," 0","999.9"," 0","999.9","999.9","  52.0"," ","  38.1"," "," 0.01","G","999.9","000000"
"99999923908","2011-03-08","37.4277","-94.5829","290.2","JOPLIN 24 N, MO US","  42.8","24","9999.9"," 0","9999.9"," 0","999.9"," 0","999.9"," 0","999.9"," 0","999.9","999.9","  47.7"," ","  39.7"," "," 0.00","G","999.9","000000"
"99999923908","2011-03-09","37.4277","-94.5829","290.2","JOPLIN 24 N, MO US","  39.9","24","9999.9"," 0","9999.9"," 0","999.9"," 0","999.9"," 0","999.9"," 0","999.9","999.9","  45.5"," ","  36.5"," "," 1.09","G","999.9","000000"
"99999923908","2011-03-10","37.4277","-94.5829","290.2","JOPLIN 24 N, MO US","  36.9","24","9999.9"," 0","9999.9"," 0","999.9"," 0","999.9"," 0","999.9"," 0","999.9","999.9","  52.3"," ","  25.3"," "," 0.00","G","999.9","000000"
"99999923908","2011-03-11","37.4277","-94.5829","290.2","JOPLIN 24 N, MO US","  46.8","24","9999.9"," 0","9999.9"," 0","999.9"," 0","999.9"," 0","999.9"," 0","999.9","999.9","  68.5"," ","  33.6"," "," 0.00","G","999.9","000000"
"99999923908","2011-03-12","37.4277","-94.5829","290.2","JOPLIN 24 N, MO US","  53.0","24","9999.9"," 0","9999.9"," 0","999.9"," 0","999.9"," 0","999.9"," 0","999.9","999.9","  66.7"," ","  35.2"," "," 0.00","G","999.9","000000"
"99999923908","2011-03-13","37.4277","-94.5829","290.2","JOPLIN 24 N, MO US","  45.8","24","9999.9"," 0","9999.9"," 0","999.9"," 0","999.9"," 0","999.9"," 0","999.9","999.9","  61.9"," ","  39.4"," "," 0.00","G","999.9","000000"
"99999923908","2011-03-14","37.4277","-94.5829","290.2","JOPLIN 24 N, MO US","  36.3","24","9999.9"," 0","9999.9"," 0","999.9"," 0","999.9"," 0","999.9"," 0","999.9","999.9","  42.3"," ","  32.0"," "," 0.42","G","999.9","000000"
"99999923908","2011-03-15","37.4277","-94.5829","290.2","JOPLIN 24 N, MO US","  39.5","24","9999.9"," 0","9999.9"," 0","999.9"," 0","999.9"," 0","999.9"," 0","999.9","999.9","  54.7"," ","  30.0"," "," 0.20","G","999.9","000000"
"99999923908","2011-03-16","37.4277","-94.5829","290.2","JOPLIN 24 N, MO US","  49.8","20","9999.9"," 0","9999.9"," 0","999.9"," 0","999.9"," 0","999.9"," 0","999.9","999.9","  69.3","*","  39.0"," "," 0.00","G","999.9","000000"
"99999923908","2011-03-17","37.4277","-94.5829","290.2","JOPLIN 24 N, MO US","  64.3","24","9999.9"," 0","9999.9"," 0","999.9"," 0","999.9"," 0","999.9"," 0","999.9","999.9","  74.1","*","  58.3"," "," 0.00","I","999.9","000000"
"99999923908","2011-03-18","37.4277","-94.5829","290.2","JOPLIN 24 N, MO US","  59.0","24","9999.9"," 0","9999.9"," 0","999.9"," 0","999.9"," 0","999.9"," 0","999.9","999.9","  73.4"," ","  51.8"," "," 0.00","G","999.9","000000"
"99999923908","2011-03-19","37.4277","-94.5829","290.2","JOPLIN 24 N, MO US","  49.7","24","9999.9"," 0","9999.9"," 0","999.9"," 0","999.9"," 0","999.9"," 0","999.9","999.9","  55.2"," ","  46.6"," "," 0.00","G","999.9","000000"
"99999923908","2011-03-20","37.4277","-94.5829","290.2","JOPLIN 24 N, MO US","  60.4","24","9999.9"," 0","9999.9"," 0","999.9"," 0","999.9"," 0","999.9"," 0","999.9","999.9","  75.6"," ","  49.6"," "," 1.43","G","999.9","000000"
"99999923908","2011-03-21","37.4277","-94.5829","290.2","JOPLIN 24 N, MO US","  66.5","24","9999.9"," 0","9999.9"," 0","999.9"," 0","999.9"," 0","999.9"," 0","999.9","999.9","  75.7"," ","  56.8"," "," 0.00","G","999.9","000000"
"99999923908","2011-03-22","37.4277","-94.5829","290.2","JOPLIN 24 N, MO US","  65.9","24","9999.9"," 0","9999.9"," 0","999.9"," 0","999.9"," 0","999.9"," 0","999.9","999.9","  73.2"," ","  62.1"," "," 0.00","G","999.9","000000"
"99999923908","2011-03-23","37.4277","-94.5829","290.2","JOPLIN 24 N, MO US","  62.0","24","9999.9"," 0","9999.9"," 0","999.9"," 0","999.9"," 0","999.9"," 0","999.9","999.9","  72.3"," ","  50.9"," "," 0.00","G","999.9","000000"
"99999923908","2011-03-24","37.4277","-94.5829","290.2","JOPLIN 24 N, MO US","  42.9","24","9999.9"," 0","9999.9"," 0","999.9"," 0","999.9"," 0","999.9"," 0","999.9","999.9","  60.3"," ","  32.2"," "," 0.00","G","999.9","000000"
"99999923908","2011-03-25","37.4277","-94.5829","290.2","JOPLIN 24 N, MO US","  43.7","24","9999.9"," 0","9999.9"," 0","999.9"," 0","999.9"," 0","999.9"," 0","999.9","999.9","  55.6"," ","  36.9"," "," 0.00","G","999.9","000000"
"99999923908","2011-03-26","37.4277","-94.5829","290.2","JOPLIN 24 N, MO US","  40.7","24","9999.9"," 0","9999.9"," 0","999.9"," 0","999.9"," 0","999.9"," 0","999.9","999.9","  52.9"," ","  33.8","*"," 0.06","G","999.9","000000"
"99999923908","2011-03-27","37.4277","-94.5829","290.2","JOPLIN 24 N, MO US","  34.2","24","9999.9"," 0","9999.9"," 0","999.9"," 0","999.9"," 0","999.9"," 0","999.9","999.9","  41.0"," ","  31.6"," "," 0.99","G","999.9","000000"
"99999923908","2011-03-28","37.4277","-94.5829","290.2","JOPLIN 24 N, MO US","  36.5","24","9999.9"," 0","9999.9"," 0","999.9"," 0","999.9"," 0","999.9"," 0","999.9","999.9","  46.8"," ","  31.1"," "," 0.06","G","999.9","000000"
"99999923908","2011-03-29","37.4277","-94.5829","290.2","JOPLIN 24 N, MO US","  43.4","24","9999.9"," 0","9999.9"," 0","999.9"," 0","999.9"," 0","999.9"," 0","999.9","999.9","  46.4"," ","  39.9","*"," 0.00","G","999.9","000000"
"99999923908","2011-03-30","37.4277","-94.5829","290.2","JOPLIN 24 N, MO US","  37.6","24","9999.9"," 0","9999.9"," 0","999.9"," 0","999.9"," 0","999.9"," 0","999.9","999.9","  41.4"," ","  34.5"," "," 0.04","G","999.9","000000"
"99999923908","2011-03-31","37.4277","-94.5829","290.2","JOPLIN 24 N, MO US","  36.4","24","9999.9"," 0","9999.9"," 0","999.9"," 0","999.9"," 0","999.9"," 0","999.9","999.9","  41.5","*","  28.6"," "," 0.00","G","999.9","000000"
"99999923908","2011-04-01","37.4277","-94.5829","290.2","JOPLIN 24 N, MO US","  45.4","24","9999.9"," 0","9999.9"," 0","999.9"," 0","999.9"," 0","999.9"," 0","999.9","999.9","  63.1"," ","  34.0"," "," 0.18","G","999.9","000000"
"99999923908","2011-04-02","37.4277","-94.5829","290.2","JOPLIN 24 N, MO US","  54.4","24","9999.9"," 0","9999.9"," 0","999.9"," 0","999.9"," 0","999.9"," 0","999.9","999.9","  74.7"," ","  38.8"," "," 0.00","G","999.9","000000"
"99999923908","2011-04-03","37.4277","-94.5829","290.2","JOPLIN 24 N, MO US","  68.8","24","9999.9"," 0","9999.9"," 0","999.9"," 0","999.9"," 0","999.9"," 0","999.9","999.9","  81.5"," ","  58.8"," "," 0.00","G","999.9","000000"
"99999923908","2011-04-04","37.4277","-94.5829","290.2","JOPLIN 24 N, MO US","  54.2","24","9999.9"," 0","9999.9"," 0","999.9"," 0","999.9"," 0","999.9"," 0","999.9","999.9","  79.5"," ","  43.7"," "," 0.33","G","999.9","000000"
"99999923908","2011-04-05","37.4277","-94.5829","290.2","JOPLIN 24 N, MO US","  46.5","24","9999.9"," 0","9999.9"," 0","999.9"," 0","999.9"," 0","999.9"," 0","999.9","999.9","  67.1"," ","  31.3"," "," 0.09","G","999.9","000000"
"99999923908","2011-04-06","37.4277","-94.5829","290.2","JOPLIN 24 N, MO US","  60.5","24","9999.9"," 0","9999.9"," 0","999.9"," 0","999.9"," 0","999.9"," 0","999.9","999.9","  74.7"," ","  51.8"," "," 0.00","G","999.9","000000"
"99999923908","2011-04-07","37.4277","-94.5829","290.2","JOPLIN 24 N, MO US","  58.4","24","9999.9"," 0","9999.9"," 0","999.9"," 0","999.9"," 0","999.9"," 0","999.9","999.9","  73.2"," ","  46.2"," "," 0.00","G","999.9","000000"
"99999923908","2011-04-08","37.4277","-94.5829","290.2","JOPLIN 24 N, MO US","  68.0","24","9999.9"," 0","9999.9"," 0","999.9"," 0","999.9"," 0","999.9"," 0","999.9","999.9","  85.8"," ","  59.5"," "," 0.00","G","999.9","000000"
"99999923908","2011-04-09","37.4277","-94.5829","290.2","JOPLIN 24 N, MO US","  73.7","24","9999.9"," 0","9999.9"," 0","999.9"," 0","999.9"," 0","999.9"," 0","999.9","999.9","  85.5"," ","  62.6"," "," 0.10","G","999.9","000000"
"99999923908","2011-04-10","37.4277","-94.5829","290.2","JOPLIN 24 N, MO US","  74.7","24","9999.9"," 0","9999.9"," 0","999.9"," 0","999.9"," 0","999.9"," 0","999.9","999.9","  82.8"," ","  69.3"," "," 0.78","G","999.9","000000"
"99999923908","2011-04-11","37.4277","-94.5829","290.2","JOPLIN 24 N, MO US","  62.7","24","9999.9"," 0","9999.9"," 0","999.9"," 0","999.9"," 0","999.9"," 0","999.9","999.9","  78.4"," ","  52.3"," "," 0.00","G","999.9","000000"
"99999923908","2011-04-12","37.4277","-94.5829","290.2","JOPLIN 24 N, MO US","  56.9","24","9999.9"," 0","9999.9"," 0","999.9"," 0","999.9"," 0","999.9"," 0","999.9","999.9","  70.5"," ","  41.4"," "," 0.00","G","999.9","000000"
"99999923908","2011-04-13","37.4277","-94.5829","290.2","JOPLIN 24 N, MO US","  61.7","24","9999.9"," 0","9999.9"," 0","999.9"," 0","999.9"," 0","999.9"," 0","999.9","999.9","  78.6"," ","  47.3"," "," 0.00","G","999.9","000000"
"99999923908","2011-04-14","37.4277","-94.5829","290.2","JOPLIN 24 N, MO US","  64.8","24","9999.9"," 0","9999.9"," 0","999.9"," 0","999.9"," 0","999.9"," 0","999.9","999.9","  78.6"," ","  49.8"," "," 0.00","G","999.9","000000"
"99999923908","2011-04-15","37.4277","-94.5829","290.2","JOPLIN 24 N, MO US","  52.1","24","9999.9"," 0","9999.9"," 0","999.9"," 0","999.9"," 0","999.9"," 0","999.9","999.9","  73.6"," ","  43.7","*"," 1.43","G","999.9","000000"
"99999923908","2011-04-16","37.4277","-94.5829","290.2","JOPLIN 24 N, MO US","  45.3","24","9999.9"," 0","9999.9"," 0","999.9"," 0","999.9"," 0","999.9"," 0","999.9","999.9","  62.6"," ","  39.2"," "," 0.06","G","999.9","000000"
"99999923908","2011-04-17","37.4277","-94.5829","290.2","JOPLIN 24 N, MO US","  55.9","24","9999.9"," 0","9999.9"," 0","999.9"," 0","999.9"," 0","999.9"," 0","999.9","999.9","  73.6"," ","  42.3"," "," 0.00","G","999.9","000000"
"99999923908","2011-04-18","37.4277","-94.5829","290.2","JOPLIN 24 N, MO US","  63.3","24","9999.9"," 0","9999.9"," 0","999.9"," 0","999.9"," 0","999.9"," 0","999.9","999.9","  73.0"," ","  50.4"," "," 0.00","G","999.9","000000"
"99999923908","2011-04-19","37.4277","-94.5829","290.2","JOPLIN 24 N, MO US","  68.2","24","9999.9"," 0","9999.9"," 0","999.9"," 0","999.9"," 0","999.9"," 0","999.9","999.9","  80.6"," ","  53.2","*"," 0.00","G","999.9","000000"
"99999923908","2011-04-20","37.4277","-94.5829","290.2","JOPLIN 24 N, MO US","  46.9","24","9999.9"," 0","9999.9"," 0","999.9"," 0","999.9"," 0","999.9"," 0","999.9","999.9","  56.1"," ","  41.9"," "," 0.00","G","999.9","000000"
"99999923908","2011-04-21","37.4277","-94.5829","290.2","JOPLIN 24 N, MO US","  51.6","24","9999.9"," 0","9999.9"," 0","999.9"," 0","999.9"," 0","999.9"," 0","999.9","999.9","  62.6"," ","  45.3"," "," 0.00","G","999.9","000000"
"99999923908","2011-04-22","37.4277","-94.5829","290.2","JOPLIN 24 N, MO US","  64.7","24","9999.9"," 0","9999.9"," 0","999.9"," 0","999.9"," 0","999.9"," 0","999.9","999.9","  82.2"," ","  53.1"," "," 0.65","G","999.9","000000"
"99999923908","2011-04-23","37.4277","-94.5829","290.2","JOPLIN 24 N, MO US","  61.3","24","9999.9"," 0","9999.9"," 0","999.9"," 0","999.9"," 0","999.9"," 0","999.9","999.9","  76.1"," ","  53.6"," "," 0.00","G","999.9","000000"
"99999923908","2011-04-24","37.4277","-94.5829","290.2","JOPLIN 24 N, MO US","  53.0","24","9999.9"," 0","9999.9"," 0","999.9"," 0","999.9"," 0","999.9"," 0","999.9","999.9","  62.8"," ","  48.4"," "," 0.10","G","999.9","000000"
"99999923908","2011-04-25","37.4277","-94.5829","290.2","JOPLIN 24 N, MO US","  54.6","24","9999.9"," 0","9999.9"," 0","999.9"," 0","999.9"," 0","999.9"," 0","999.9","999.9","  59.4","*","  52.3"," "," 0.35","G","999.9","000000"
"99999923908","2011-04-26","37.4277","-94.5829","290.2","JOPLIN 24 N, MO US","  55.1","24","9999.9"," 0","9999.9"," 0","999.9"," 0","999.9"," 0","999.9"," 0","999.9","999.9","  62.2"," ","  47.3"," "," 1.04","G","999.9","000000"
"99999923908","2011-04-27","37.4277","-94.5829","290.2","JOPLIN 24 N, MO US","  51.8","24","9999.9"," 0","9999.9"," 0","999.9"," 0","999.9"," 0","999.9"," 0","999.9","999.9","  60.6"," ","  48.7"," "," 0.07","G","999.9","000000"
"99999923908","2011-04-28","37.4277","-94.5829","290.2","JOPLIN 24 N, MO US","  54.2","24","9999.9"," 0","9999.9"," 0","999.9"," 0","999.9"," 0","999.9"," 0","999.9","999.9","  71.8"," ","  42.3"," "," 0.00","G","999.9","000000"
"99999923908","2011-04-29","37.4277","-94.5829","290.2","JOPLIN 24 N, MO US","  60.2","24","9999.9"," 0","9999.9"," 0","999.9"," 0","999.9"," 0","999.9"," 0","999.9","999.9","  76.6"," ","  43.7"," "," 0.00","G","999.9","000000"
"99999923908","2011-04-30","37.4277","-94.5829","290.2","JOPLIN 24 N, MO US","  66.9","24","9999.9"," 0","9999.9"," 0","999.9"," 0","999.9"," 0","999.9"," 0","999.9","999.9","  74.7"," ","  61.2"," "," 0.00","G","999.9","000000"
"99999923908","2011-05-01","37.4277","-94.5829","290.2","JOPLIN 24 N, MO US","  51.6","24","9999.9"," 0","9999.9"," 0","999.9"," 0","999.9"," 0","999.9"," 0","999.9","999.9","  72.9"," ","  41.9"," "," 0.00","G","999.9","000000"
"99999923908","2011-05-02","37.4277","-94.5829","290.2","JOPLIN 24 N, MO US","  45.1","24","9999.9"," 0","9999.9"," 0","999.9"," 0","999.9"," 0","999.9"," 0","999.9","999.9","  57.7"," ","  35.4"," "," 0.20","G","999.9","000000"
"99999923908","2011-05-03","37.4277","-94.5829","290.2","JOPLIN 24 N, MO US","  49.2","24","9999.9"," 0","9999.9"," 0","999.9"," 0","999.9"," 0","999.9"," 0","999.9","999.9","  66.4"," ","  35.1"," "," 0.00","G","999.9","000000"
"99999923908","2011-05-04","37.4277","-94.5829","290.2","JOPLIN 24 N, MO US","  54.6","24","9999.9"," 0","9999.9"," 0","999.9"," 0","999.9"," 0","999.9"," 0","999.9","999.9","  73.0"," ","  39.4"," "," 0.05","G","999.9","000000"
"99999923908","2011-05-05","37.4277","-94.5829","290.2","JOPLIN 24 N, MO US","  57.9","24","9999.9"," 0","9999.9"," 0","999.9"," 0","999.9"," 0","999.9"," 0","999.9","999.9","  71.4"," ","  46.6"," "," 0.00","G","999.9","000000"
"99999923908","2011-05-06","37.4277","-94.5829","290.2","JOPLIN 24 N, MO US","  55.5","24","9999.9"," 0","9999.9"," 0","999.9"," 0","999.9"," 0","999.9"," 0","999.9","999.9","  74.3"," ","  40.5"," "," 0.03","G","999.9","000000"
"99999923908","2011-05-07","37.4277","-94.5829","290.2","JOPLIN 24 N, MO US","  68.6","24","9999.9"," 0","9999.9"," 0","999.9"," 0","999.9"," 0","999.9"," 0","999.9","999.9","  80.8"," ","  60.6"," "," 0.00","G","999.9","000000"
"99999923908","2011-05-08","37.4277","-94.5829","290.2","JOPLIN 24 N, MO US","  71.2","24","9999.9"," 0","9999.9"," 0","999.9"," 0","999.9"," 0","999.9"," 0","999.9","999.9","  87.6"," ","  57.0"," "," 0.00","G","999.9","000000"
"99999923908","2011-05-09","37.4277","-94.5829","290.2","JOPLIN 24 N, MO US","  77.7","24","9999.9"," 0","9999.9"," 0","999.9"," 0","999.9"," 0","999.9"," 0","999.9","999.9","  87.8"," ","  68.7"," "," 0.00","G","999.9","000000"
"99999923908","2011-05-10","37.4277","-94.5829","290.2","JOPLIN 24 N, MO US","  78.1","24","9999.9"," 0","9999.9"," 0","999.9"," 0","999.9"," 0","999.9"," 0","999.9","999.9","  85.1"," ","  73.2"," "," 0.00","G","999.9","000000"
"99999923908","2011-05-11","37.4277","-94.5829","290.2","JOPLIN 24 N, MO US","  75.5","24","9999.9"," 0","9999.9"," 0","999.9"," 0","999.9"," 0","999.9"," 0","999.9","999.9","  83.1"," ","  69.8"," "," 0.00","G","999.9","000000"
"99999923908","2011-05-12","37.4277","-94.5829","290.2","JOPLIN 24 N, MO US","  67.3","24","9999.9"," 0","9999.9"," 0","999.9"," 0","999.9"," 0","999.9"," 0","999.9","999.9","  79.0"," ","  59.2"," "," 0.52","G","999.9","000000"
"99999923908","2011-05-13","37.4277","-94.5829","290.2","JOPLIN 24 N, MO US","  58.4","24","9999.9"," 0","9999.9"," 0","999.9"," 0","999.9"," 0","999.9"," 0","999.9","999.9","  72.5"," ","  51.6","*"," 0.13","G","999.9","000000"
"99999923908","2011-05-14","37.4277","-94.5829","290.2","JOPLIN 24 N, MO US","  51.6","24","9999.9"," 0","9999.9"," 0","999.9"," 0","999.9"," 0","999.9"," 0","999.9","999.9","  58.6"," ","  47.8"," "," 0.01","G","999.9","000000"
"99999923908","2011-05-15","37.4277","-94.5829","290.2","JOPLIN 24 N, MO US","  52.4","24","9999.9"," 0","9999.9"," 0","999.9"," 0","999.9"," 0","999.9"," 0","999.9","999.9","  61.2"," ","  43.3"," "," 0.00","G","999.9","000000"
"99999923908","2011-05-16","37.4277","-94.5829","290.2","JOPLIN 24 N, MO US","  54.4","24","9999.9"," 0","9999.9"," 0","999.9"," 0","999.9"," 0","999.9"," 0","999.9","999.9","  67.8"," ","  44.4"," "," 0.00","G","999.9","000000"
"99999923908","2011-05-17","37.4277","-94.5829","290.2","JOPLIN 24 N, MO US","  54.3","24","9999.9"," 0","9999.9"," 0","999.9"," 0","999.9"," 0","999.9"," 0","999.9","999.9","  68.0"," ","  38.3"," "," 0.00","G","999.9","000000"
"99999923908","2011-05-18","37.4277","-94.5829","290.2","JOPLIN 24 N, MO US","  53.8","24","9999.9"," 0","9999.9"," 0","999.9"," 0","999.9"," 0","999.9"," 0","999.9","999.9","  65.8"," ","  45.9"," "," 0.00","G","999.9","000000"
"99999923908","2011-05-19","37.4277","-94.5829","290.2","JOPLIN 24 N, MO US","  63.4","24","9999.9"," 0","9999.9"," 0","999.9"," 0","999.9"," 0","999.9"," 0","999.9","999.9","  77.0"," ","  57.4"," "," 0.11","G","999.9","000000"
"99999923908","2011-05-20","37.4277","-94.5829","290.2","JOPLIN 24 N, MO US","  68.8","24","9999.9"," 0","9999.9"," 0","999.9"," 0","999.9"," 0","999.9"," 0","999.9","999.9","  74.3"," ","  63.7"," "," 0.50","G","999.9","000000"
"99999923908","2011-05-21","37.4277","-94.5829","290.2","JOPLIN 24 N, MO US","  68.6","24","9999.9"," 0","9999.9"," 0","999.9"," 0","999.9"," 0","999.9"," 0","999.9","999.9","  81.1"," ","  62.2"," "," 1.06","G","999.9","000000"
"99999923908","2011-05-22","37.4277","-94.5829","290.2","JOPLIN 24 N, MO US","  74.5","24","9999.9"," 0","9999.9"," 0","999.9"," 0","999.9"," 0","999.9"," 0","999.9","999.9","  83.3"," ","  64.0"," "," 0.00","G","999.9","000000"
"99999923908","2011-05-23","37.4277","-94.5829","290.2","JOPLIN 24 N, MO US","  63.7","24","9999.9"," 0","9999.9"," 0","999.9"," 0","999.9"," 0","999.9"," 0","999.9","999.9","  67.1"," ","  60.4"," "," 0.30","G","999.9","000000"
"99999923908","2011-05-24","37.4277","-94.5829","290.2","JOPLIN 24 N, MO US","  66.5","24","9999.9"," 0","9999.9"," 0","999.9"," 0","999.9"," 0","999.9"," 0","999.9","999.9","  79.7"," ","  55.8"," "," 0.61","G","999.9","000000"
"99999923908","2011-05-25","37.4277","-94.5829","290.2","JOPLIN 24 N, MO US","  67.3","24","9999.9"," 0","9999.9"," 0","999.9"," 0","999.9"," 0","999.9"," 0","999.9","999.9","  77.0"," ","  61.7"," "," 0.56","G","999.9","000000"
"99999923908","2011-05-26","37.4277","-94.5829","290.2","JOPLIN 24 N, MO US","  59.9","24","9999.9"," 0","9999.9"," 0","999.9"," 0","999.9"," 0","999.9"," 0","999.9","999.9","  69.8"," ","  55.0"," "," 0.12","G","999.9","000000"
"99999923908","2011-05-27","37.4277","-94.5829","290.2","JOPLIN 24 N, MO US","  58.7","24","9999.9"," 0","9999.9"," 0","999.9"," 0","999.9"," 0","999.9"," 0","999.9","999.9","  68.5"," ","  50.5"," "," 0.00","G","999.9","000000"
"99999923908","2011-05-28","37.4277","-94.5829","290.2","JOPLIN 24 N, MO US","  66.0","24","9999.9"," 0","9999.9"," 0","999.9"," 0","999.9"," 0","999.9"," 0","999.9","999.9","  80.4"," ","  57.7"," "," 0.19","G","999.9","000000"
"99999923908","2011-05-29","37.4277","-94.5829","290.2","JOPLIN 24 N, MO US","  75.7","24","9999.9"," 0","9999.9"," 0","999.9"," 0","999.9"," 0","999.9"," 0","999.9","999.9","  86.4"," ","  66.9"," "," 0.00","G","999.9","000000"
"99999923908","2011-05-30","37.4277","-94.5829","290.2","JOPLIN 24 N, MO US","  76.5","24","9999.9"," 0","9999.9"," 0","999.9"," 0","999.9"," 0","999.9"," 0","999.9","999.9","  84.9"," ","  70.2"," "," 0.00","G","999.9","000000"
"99999923908","2011-05-31","37.4277","-94.5829","290.2","JOPLIN 24 N, MO US","  77.8","24","9999.9"," 0","9999.9"," 0","999.9"," 0","999.9"," 0","999.9"," 0","999.9","999.9","  85.5"," ","  73.2"," "," 0.00","G","999.9","000000"
"99999923908","2011-06-01","37.4277","-94.5829","290.2","JOPLIN 24 N, MO US","  75.0","24","9999.9"," 0","9999.9"," 0","999.9"," 0","999.9"," 0","999.9"," 0","999.9","999.9","  87.8"," ","  64.6"," "," 0.00","G","999.9","000000"
"99999923908","2011-06-02","37.4277","-94.5829","290.2","JOPLIN 24 N, MO US","  78.1","24","9999.9"," 0","9999.9"," 0","999.9"," 0","999.9"," 0","999.9"," 0","999.9","999.9","  87.4"," ","  70.7"," "," 0.00","G","999.9","000000"
"99999923908","2011-06-03","37.4277","-94.5829","290.2","JOPLIN 24 N, MO US","  80.9","24","9999.9"," 0","9999.9"," 0","999.9"," 0","999.9"," 0","999.9"," 0","999.9","999.9","  91.4"," ","  73.4"," "," 0.00","G","999.9","000000"
"99999923908","2011-06-04","37.4277","-94.5829","290.2","JOPLIN 24 N, MO US","  80.7","24","9999.9"," 0","9999.9"," 0","999.9"," 0","999.9"," 0","999.9"," 0","999.9","999.9","  91.0"," ","  69.8"," "," 0.00","G","999.9","000000"
"99999923908","2011-06-05","37.4277","-94.5829","290.2","JOPLIN 24 N, MO US","  78.4","24","9999.9"," 0","9999.9"," 0","999.9"," 0","999.9"," 0","999.9"," 0","999.9","999.9","  90.9"," ","  65.3"," "," 0.00","G","999.9","000000"
"99999923908","2011-06-06","37.4277","-94.5829","290.2","JOPLIN 24 N, MO US","  79.8","24","9999.9"," 0","9999.9"," 0","999.9"," 0","999.9"," 0","999.9"," 0","999.9","999.9","  90.9"," ","  67.8"," "," 0.00","G","999.9","000000"
"99999923908","2011-06-07","37.4277","-94.5829","290.2","JOPLIN 24 N, MO US","  78.8","24","9999.9"," 0","9999.9"," 0","999.9"," 0","999.9"," 0","999.9"," 0","999.9","999.9","  90.0"," ","  65.7"," "," 0.00","G","999.9","000000"
"99999923908","2011-06-08","37.4277","-94.5829","290.2","JOPLIN 24 N, MO US","  79.5","24","9999.9"," 0","9999.9"," 0","999.9"," 0","999.9"," 0","999.9"," 0","999.9","999.9","  88.5"," ","  69.1"," "," 0.00","G","999.9","000000"
"99999923908","2011-06-09","37.4277","-94.5829","290.2","JOPLIN 24 N, MO US","  79.8","24","9999.9"," 0","9999.9"," 0","999.9"," 0","999.9"," 0","999.9"," 0","999.9","999.9","  89.2"," ","  69.4"," "," 0.00","G","999.9","000000"
"99999923908","2011-06-10","37.4277","-94.5829","290.2","JOPLIN 24 N, MO US","  78.5","24","9999.9"," 0","9999.9"," 0","999.9"," 0","999.9"," 0","999.9"," 0","999.9","999.9","  88.0"," ","  67.1"," "," 0.00","G","999.9","000000"
"99999923908","2011-06-11","37.4277","-94.5829","290.2","JOPLIN 24 N, MO US","  73.4","24","9999.9"," 0","9999.9"," 0","999.9"," 0","999.9"," 0","999.9"," 0","999.9","999.9","  86.4"," ","  65.7"," "," 0.08","G","999.9","000000"
"99999923908","2011-06-12","37.4277","-94.5829","290.2","JOPLIN 24 N, MO US","  72.0","24","9999.9"," 0","9999.9"," 0","999.9"," 0","999.9"," 0","999.9"," 0","999.9","999.9","  85.1"," ","  64.0"," "," 0.00","G","999.9","000000"
"99999923908","2011-06-13","37.4277","-94.5829","290.2","JOPLIN 24 N, MO US","  80.1","24","9999.9"," 0","9999.9"," 0","999.9"," 0","999.9"," 0","999.9"," 0","999.9","999.9","  91.6"," ","  68.4"," "," 0.19","G","999.9","000000"
"99999923908","2011-06-14","37.4277","-94.5829","290.2","JOPLIN 24 N, MO US","  81.7","24","9999.9"," 0","9999.9"," 0","999.9"," 0","999.9"," 0","999.9"," 0","999.9","999.9","  89.8"," ","  76.6"," "," 0.00","G","999.9","000000"
"99999923908","2011-06-15","37.4277","-94.5829","290.2","JOPLIN 24 N, MO US","  78.3","24","9999.9"," 0","9999.9"," 0","999.9"," 0","999.9"," 0","999.9"," 0","999.9","999.9","  87.4"," ","  65.7"," "," 0.00","G","999.9","000000"
"99999923908","2011-06-16","37.4277","-94.5829","290.2","JOPLIN 24 N, MO US","  71.9","24","9999.9"," 0","9999.9"," 0","999.9"," 0","999.9"," 0","999.9"," 0","999.9","999.9","  85.8"," ","  62.1"," "," 0.00","G","999.9","000000"
"99999923908","2011-06-17","37.4277","-94.5829","290.2","JOPLIN 24 N, MO US","  75.9","24","9999.9"," 0","9999.9"," 0","999.9"," 0","999.9"," 0","999.9"," 0","999.9","999.9","  89.6"," ","  66.0"," "," 0.01","G","999.9","000000"
"99999923908","2011-06-18","37.4277","-94.5829","290.2","JOPLIN 24 N, MO US","  82.1","24","9999.9"," 0","9999.9"," 0","999.9"," 0","999.9"," 0","999.9"," 0","999.9","999.9","  90.3"," ","  70.7"," "," 0.00","G","999.9","000000"
"99999923908","2011-06-19","37.4277","-94.5829","290.2","JOPLIN 24 N, MO US","  77.6","24","9999.9"," 0","9999.9"," 0","999.9"," 0","999.9"," 0","999.9"," 0","999.9","999.9","  89.4"," ","  62.1"," "," 3.93","G","999.9","000000"
"99999923908","2011-06-20","37.4277","-94.5829","290.2","JOPLIN 24 N, MO US","  83.0","24","9999.9"," 0","9999.9"," 0","999.9"," 0","999.9"," 0","999.9"," 0","999.9","999.9","  88.3"," ","  78.3"," "," 0.00","G","999.9","000000"
"99999923908","2011-06-21","37.4277","-94.5829","290.2","JOPLIN 24 N, MO US","  75.1","24","9999.9"," 0","9999.9"," 0","999.9"," 0","999.9"," 0","999.9"," 0","999.9","999.9","  86.2"," ","  62.8"," "," 0.52","G","999.9","000000"
"99999923908","2011-06-22","37.4277","-94.5829","290.2","JOPLIN 24 N, MO US","  73.1","24","9999.9"," 0","9999.9"," 0","999.9"," 0","999.9"," 0","999.9"," 0","999.9","999.9","  84.2"," ","  59.2"," "," 0.01","G","999.9","000000"
"99999923908","2011-06-23","37.4277","-94.5829","290.2","JOPLIN 24 N, MO US","  73.6","24","9999.9"," 0","9999.9"," 0","999.9"," 0","999.9"," 0","999.9"," 0","999.9","999.9","  84.2","*","  60.4"," "," 0.00","G","999.9","000000"
"99999923908","2011-06-24","37.4277","-94.5829","290.2","JOPLIN 24 N, MO US","  75.0","24","9999.9"," 0","9999.9"," 0","999.9"," 0","999.9"," 0","999.9"," 0","999.9","999.9","  90.7"," ","  64.4"," "," 0.00","G","999.9","000000"
"99999923908","2011-06-25","37.4277","-94.5829","290.2","JOPLIN 24 N, MO US","  80.7","24","9999.9"," 0","9999.9"," 0","999.9"," 0","999.9"," 0","999.9"," 0","999.9","999.9","  91.4"," ","  70.7"," "," 0.02","G","999.9","000000"
"99999923908","2011-06-26","37.4277","-94.5829","290.2","JOPLIN 24 N, MO US","  81.1","24","9999.9"," 0","9999.9"," 0","999.9"," 0","999.9"," 0","999.9"," 0","999.9","999.9","  91.0"," ","  73.6"," "," 0.00","G","999.9","000000"
"99999923908","2011-06-27","37.4277","-94.5829","290.2","JOPLIN 24 N, MO US","  82.4","24","9999.9"," 0","9999.9"," 0","999.9"," 0","999.9"," 0","999.9"," 0","999.9","999.9","  91.0"," ","  72.7"," "," 0.02","G","999.9","000000"
"99999923908","2011-06-28","37.4277","-94.5829","290.2","JOPLIN 24 N, MO US","  76.0","24","9999.9"," 0","9999.9"," 0","999.9"," 0","999.9"," 0","999.9"," 0","999.9","999.9","  84.7"," ","  67.8"," "," 0.00","G","999.9","000000"
"99999923908","2011-06-29","37.4277","-94.5829","290.2","JOPLIN 24 N, MO US","  78.1","24","9999.9"," 0","9999.9"," 0","999.9"," 0","999.9"," 0","999.9"," 0","999.9","999.9","  92.3"," ","  67.5"," "," 0.03","G","999.9","000000"
"99999923908","2011-06-30","37.4277","-94.5829","290.2","JOPLIN 24 N, MO US","  83.5","24","9999.9"," 0","9999.9"," 0","999.9"," 0","999.9"," 0","999.9"," 0","999.9","999.9","  94.5"," ","  72.1"," "," 0.00","G","999.9","000000"
"99999923908","2011-07-01","37.4277","-94.5829","290.2","JOPLIN 24 N, MO US","  83.1","24","9999.9"," 0","9999.9"," 0","999.9"," 0","999.9"," 0","999.9"," 0","999.9","999.9","  94.3"," ","  70.2"," "," 0.00","G","999.9","000000"
"99999923908","2011-07-02","37.4277","-94.5829","290.2","JOPLIN 24 N, MO US","  83.5","24","9999.9"," 0","9999.9"," 0","999.9"," 0","999.9"," 0","999.9"," 0","999.9","999.9","  96.3"," ","  70.2"," "," 0.00","G","999.9","000000"
"99999923908","2011-07-03","37.4277","-94.5829","290.2","JOPLIN 24 N, MO US","  81.7","24","9999.9"," 0","9999.9"," 0","999.9"," 0","999.9"," 0","999.9"," 0","999.9","999.9","  95.2"," ","  67.8"," "," 0.00","G","999.9","000000"
"99999923908","2011-07-04","37.4277","-94.5829","290.2","JOPLIN 24 N, MO US","  77.2","24","9999.9"," 0","9999.9"," 0","999.9"," 0","999.9"," 0","999.9"," 0","999.9","999.9","  91.2"," ","  66.6"," "," 0.09","G","999.9","000000"
"99999923908","2011-07-05","37.4277","-94.5829","290.2","JOPLIN 24 N, MO US","  81.0","24","9999.9"," 0","9999.9"," 0","999.9"," 0","999.9"," 0","999.9"," 0","999.9","999.9","  94.1"," ","  69.3"," "," 0.00","G","999.9","000000"
"99999923908","2011-07-06","37.4277","-94.5829","290.2","JOPLIN 24 N, MO US","  79.0","24","9999.9"," 0","9999.9"," 0","999.9"," 0","999.9"," 0","999.9"," 0","999.9","999.9","  92.7"," ","  70.7"," "," 0.00","G","999.9","000000"
"99999923908","2011-07-07","37.4277","-94.5829","290.2","JOPLIN 24 N, MO US","  77.8","24","9999.9"," 0","9999.9"," 0","999.9"," 0","999.9"," 0","999.9"," 0","999.9","999.9","  89.1"," ","  71.1"," "," 0.00","G","999.9","000000"
"99999923908","2011-07-08","37.4277","-94.5829","290.2","JOPLIN 24 N, MO US","  75.9","24","9999.9"," 0","9999.9"," 0","999.9"," 0","999.9"," 0","999.9"," 0","999.9","999.9","  86.2"," ","  67.8"," "," 0.06","G","999.9","000000"
"99999923908","2011-07-09","37.4277","-94.5829","290.2","JOPLIN 24 N, MO US","  78.8","24","9999.9"," 0","9999.9"," 0","999.9"," 0","999.9"," 0","999.9"," 0","999.9","999.9","  96.6"," ","  65.7"," "," 0.00","G","999.9","000000"
"99999923908","2011-07-10","37.4277","-94.5829","290.2","JOPLIN 24 N, MO US","  88.0","24","9999.9"," 0","9999.9"," 0","999.9"," 0","999.9"," 0","999.9"," 0","999.9","999.9"," 101.1"," ","  77.9"," "," 0.00","G","999.9","000000"
"99999923908","2011-07-11","37.4277","-94.5829","290.2","JOPLIN 24 N, MO US","  86.5","24","9999.9"," 0","9999.9"," 0","999.9"," 0","999.9"," 0","999.9"," 0","999.9","999.9","  99.5"," ","  73.0"," "," 0.00","G","999.9","000000"
"99999923908","2011-07-12","37.4277","-94.5829","290.2","JOPLIN 24 N, MO US","  85.4","24","9999.9"," 0","9999.9"," 0","999.9"," 0","999.9"," 0","999.9"," 0","999.9","999.9","  99.0"," ","  72.7"," "," 0.00","G","999.9","000000"
"99999923908","2011-07-13","37.4277","-94.5829","290.2","JOPLIN 24 N, MO US","  79.2","24","9999.9"," 0","9999.9"," 0","999.9"," 0","999.9"," 0","999.9"," 0","999.9","999.9","  91.8"," ","  72.1"," "," 0.02","G","999.9","000000"
"99999923908","2011-07-14","37.4277","-94.5829","290.2","JOPLIN 24 N, MO US","  80.7","24","9999.9"," 0","9999.9"," 0","999.9"," 0","999.9"," 0","999.9"," 0","999.9","999.9","  92.8"," ","  70.3"," "," 0.54","G","999.9","000000"
"99999923908","2011-07-15","37.4277","-94.5829","290.2","JOPLIN 24 N, MO US","  83.6","24","9999.9"," 0","9999.9"," 0","999.9"," 0","999.9"," 0","999.9"," 0","999.9","999.9","  95.4"," ","  71.8"," "," 0.00","G","999.9","000000"
"99999923908","2011-07-16","37.4277","-94.5829","290.2","JOPLIN 24 N, MO US","  84.3","24","9999.9"," 0","9999.9"," 0","999.9"," 0","999.9"," 0","999.9"," 0","999.9","999.9","  95.7"," ","  71.6"," "," 0.00","G","999.9","000000"
"99999923908","2011-07-17","37.4277","-94.5829","290.2","JOPLIN 24 N, MO US","  84.4","24","9999.9"," 0","9999.9"," 0","999.9"," 0","999.9"," 0","999.9"," 0","999.9","999.9","  96.1"," ","  73.9"," "," 0.00","G","999.9","000000"
"99999923908","2011-07-18","37.4277","-94.5829","290.2","JOPLIN 24 N, MO US","  83.5","24","9999.9"," 0","9999.9"," 0","999.9"," 0","999.9"," 0","999.9"," 0","999.9","999.9","  95.9"," ","  69.4"," "," 0.00","G","999.9","000000"
"99999923908","2011-07-19","37.4277","-94.5829","290.2","JOPLIN 24 N, MO US","  83.8","24","9999.9"," 0","9999.9"," 0","999.9"," 0","999.9"," 0","999.9"," 0","999.9","999.9","  97.9"," ","  70.0"," "," 0.00","G","999.9","000000"
"99999923908","2011-07-20","37.4277","-94.5829","290.2","JOPLIN 24 N, MO US","  84.9","24","9999.9"," 0","9999.9"," 0","999.9"," 0","999.9"," 0","999.9"," 0","999.9","999.9","  97.9"," ","  70.0"," "," 0.00","G","999.9","000000"
"99999923908","2011-07-21","37.4277","-94.5829","290.2","JOPLIN 24 N, MO US","  86.0","24","9999.9"," 0","9999.9"," 0","999.9"," 0","999.9"," 0","999.9"," 0","999.9","999.9"," 100.2"," ","  72.1"," "," 0.00","G","999.9","000000"
"99999923908","2011-07-22","37.4277","-94.5829","290.2","JOPLIN 24 N, MO US","  87.4","24","9999.9"," 0","9999.9"," 0","999.9"," 0","999.9"," 0","999.9"," 0","999.9","999.9"," 101.5"," ","  74.8"," "," 0.00","G","999.9","000000"
"99999923908","2011-07-23","37.4277","-94.5829","290.2","JOPLIN 24 N, MO US","  87.7","24","9999.9"," 0","9999.9"," 0","999.9"," 0","999.9"," 0","999.9"," 0","999.9","999.9"," 102.6"," ","  73.9"," "," 0.00","G","999.9","000000"
"99999923908","2011-07-24","37.4277","-94.5829","290.2","JOPLIN 24 N, MO US","  88.4","24","9999.9"," 0","9999.9"," 0","999.9"," 0","999.9"," 0","999.9"," 0","999.9","999.9"," 102.9"," ","  74.5"," "," 0.00","G","999.9","000000"
"99999923908","2011-07-25","37.4277","-94.5829","290.2","JOPLIN 24 N, MO US","  81.0","24","9999.9"," 0","9999.9"," 0","999.9"," 0","999.9"," 0","999.9"," 0","999.9","999.9"," 102.4"," ","  72.1"," "," 0.06","G","999.9","000000"
"99999923908","2011-07-26","37.4277","-94.5829","290.2","JOPLIN 24 N, MO US","  82.8","24","9999.9"," 0","9999.9"," 0","999.9"," 0","999.9"," 0","999.9"," 0","999.9","999.9"," 100.6"," ","  70.3"," "," 0.06","G","999.9","000000"
"99999923908","2011-07-27","37.4277","-94.5829","290.2","JOPLIN 24 N, MO US","  88.5","24","9999.9"," 0","9999.9"," 0","999.9"," 0","999.9"," 0","999.9"," 0","999.9","999.9"," 102.9"," ","  77.7"," "," 0.00","G","999.9","000000"
"99999923908","2011-07-28","37.4277","-94.5829","290.2","JOPLIN 24 N, MO US","  89.5","24","9999.9"," 0","9999.9"," 0","999.9"," 0","999.9"," 0","999.9"," 0","999.9","999.9"," 101.5"," ","  75.6"," "," 0.00","G","999.9","000000"
"99999923908","2011-07-29","37.4277","-94.5829","290.2","JOPLIN 24 N, MO US","  86.1","24","9999.9"," 0","9999.9"," 0","999.9"," 0","999.9"," 0","999.9"," 0","999.9","999.9"," 100.6"," ","  71.4"," "," 0.00","G","999.9","000000"
"99999923908","2011-07-30","37.4277","-94.5829","290.2","JOPLIN 24 N, MO US","  83.3","24","9999.9"," 0","9999.9"," 0","999.9"," 0","999.9"," 0","999.9"," 0","999.9","999.9","  98.1"," ","  73.2"," "," 0.00","G","999.9","000000"
"99999923908","2011-07-31","37.4277","-94.5829","290.2","JOPLIN 24 N, MO US","  86.4","24","9999.9"," 0","9999.9"," 0","999.9"," 0","999.9"," 0","999.9"," 0","999.9","999.9"," 102.7"," ","  71.1"," "," 0.00","G","999.9","000000"
"99999923908","2011-08-01","37.4277","-94.5829","290.2","JOPLIN 24 N, MO US","  87.4","24","9999.9"," 0","9999.9"," 0","999.9"," 0","999.9"," 0","999.9"," 0","999.9","999.9"," 107.6"," ","  72.3"," "," 0.00","G","999.9","000000"
"99999923908","2011-08-02","37.4277","-94.5829","290.2","JOPLIN 24 N, MO US","  93.4","24","9999.9"," 0","9999.9"," 0","999.9"," 0","999.9"," 0","999.9"," 0","999.9","999.9"," 108.9"," ","  79.7"," "," 0.00","G","999.9","000000"
"99999923908","2011-08-03","37.4277","-94.5829","290.2","JOPLIN 24 N, MO US","  89.4","24","9999.9"," 0","9999.9"," 0","999.9"," 0","999.9"," 0","999.9"," 0","999.9","999.9"," 106.3"," ","  75.7"," "," 0.00","G","999.9","000000"
"99999923908","2011-08-04","37.4277","-94.5829","290.2","JOPLIN 24 N, MO US","  83.4","24","9999.9"," 0","9999.9"," 0","999.9"," 0","999.9"," 0","999.9"," 0","999.9","999.9"," 101.3"," ","  70.7"," "," 0.00","G","999.9","000000"
"99999923908","2011-08-05","37.4277","-94.5829","290.2","JOPLIN 24 N, MO US","  85.4","24","9999.9"," 0","9999.9"," 0","999.9"," 0","999.9"," 0","999.9"," 0","999.9","999.9"," 102.2"," ","  75.0"," "," 0.25","G","999.9","000000"
"99999923908","2011-08-06","37.4277","-94.5829","290.2","JOPLIN 24 N, MO US","  89.5","24","9999.9"," 0","9999.9"," 0","999.9"," 0","999.9"," 0","999.9"," 0","999.9","999.9"," 100.2"," ","  79.0"," "," 0.00","G","999.9","000000"
"99999923908","2011-08-07","37.4277","-94.5829","290.2","JOPLIN 24 N, MO US","  87.0","24","9999.9"," 0","9999.9"," 0","999.9"," 0","999.9"," 0","999.9"," 0","999.9","999.9"," 105.3"," ","  68.7"," "," 0.00","G","999.9","000000"
"99999923908","2011-08-08","37.4277","-94.5829","290.2","JOPLIN 24 N, MO US","  73.9","24","9999.9"," 0","9999.9"," 0","999.9"," 0","999.9"," 0","999.9"," 0","999.9","999.9","  84.2"," ","  69.8"," "," 0.05","G","999.9","000000"
"99999923908","2011-08-09","37.4277","-94.5829","290.2","JOPLIN 24 N, MO US","  75.4","24","9999.9"," 0","9999.9"," 0","999.9"," 0","999.9"," 0","999.9"," 0","999.9","999.9","  91.6"," ","  64.8"," "," 1.44","G","999.9","000000"
"99999923908","2011-08-10","37.4277","-94.5829","290.2","JOPLIN 24 N, MO US","  73.9","24","9999.9"," 0","9999.9"," 0","999.9"," 0","999.9"," 0","999.9"," 0","999.9","999.9","  90.7"," ","  68.5"," "," 0.01","G","999.9","000000"
"99999923908","2011-08-11","37.4277","-94.5829","290.2","JOPLIN 24 N, MO US","  73.7","24","9999.9"," 0","9999.9"," 0","999.9"," 0","999.9"," 0","999.9"," 0","999.9","999.9","  86.5"," ","  62.8"," "," 0.09","G","999.9","000000"
"99999923908","2011-08-12","37.4277","-94.5829","290.2","JOPLIN 24 N, MO US","  74.4","24","9999.9"," 0","9999.9"," 0","999.9"," 0","999.9"," 0","999.9"," 0","999.9","999.9","  85.6"," ","  64.8"," "," 0.00","G","999.9","000000"
"99999923908","2011-08-13","37.4277","-94.5829","290.2","JOPLIN 24 N, MO US","  73.9","24","9999.9"," 0","9999.9"," 0","999.9"," 0","999.9"," 0","999.9"," 0","999.9","999.9","  88.2"," ","  63.1"," "," 0.49","G","999.9","000000"
"99999923908","2011-08-14","37.4277","-94.5829","290.2","JOPLIN 24 N, MO US","  73.6","24","9999.9"," 0","9999.9"," 0","999.9"," 0","999.9"," 0","999.9"," 0","999.9","999.9","  86.2"," ","  61.7"," "," 0.00","G","999.9","000000"
"99999923908","2011-08-15","37.4277","-94.5829","290.2","JOPLIN 24 N, MO US","  71.3","24","9999.9"," 0","9999.9"," 0","999.9"," 0","999.9"," 0","999.9"," 0","999.9","999.9","  84.2"," ","  60.3"," "," 0.00","G","999.9","000000"
"99999923908","2011-08-16","37.4277","-94.5829","290.2","JOPLIN 24 N, MO US","  78.8","24","9999.9"," 0","9999.9"," 0","999.9"," 0","999.9"," 0","999.9"," 0","999.9","999.9","  93.0"," ","  69.3"," "," 0.00","G","999.9","000000"
"99999923908","2011-08-17","37.4277","-94.5829","290.2","JOPLIN 24 N, MO US","  80.8","24","9999.9"," 0","9999.9"," 0","999.9"," 0","999.9"," 0","999.9"," 0","999.9","999.9","  91.2"," ","  70.9"," "," 0.00","G","999.9","000000"
"99999923908","2011-08-18","37.4277","-94.5829","290.2","JOPLIN 24 N, MO US","  81.2","24","9999.9"," 0","9999.9"," 0","999.9"," 0","999.9"," 0","999.9"," 0","999.9","999.9","  95.5"," ","  71.6"," "," 0.00","G","999.9","000000"
"99999923908","2011-08-19","37.4277","-94.5829","290.2","JOPLIN 24 N, MO US","  83.1","24","9999.9"," 0","9999.9"," 0","999.9"," 0","999.9"," 0","999.9"," 0","999.9","999.9","  97.3"," ","  69.8"," "," 0.00","G","999.9","000000"
"99999923908","2011-08-20","37.4277","-94.5829","290.2","JOPLIN 24 N, MO US","  79.8","24","9999.9"," 0","9999.9"," 0","999.9"," 0","999.9"," 0","999.9"," 0","999.9","999.9","  94.3"," ","  69.4"," "," 0.00","G","999.9","000000"
"99999923908","2011-08-21","37.4277","-94.5829","290.2","JOPLIN 24 N, MO US","  79.2","24","9999.9"," 0","9999.9"," 0","999.9"," 0","999.9"," 0","999.9"," 0","999.9","999.9","  93.4"," ","  68.0"," "," 0.00","G","999.9","000000"
"99999923908","2011-08-22","37.4277","-94.5829","290.2","JOPLIN 24 N, MO US","  78.4","24","9999.9"," 0","9999.9"," 0","999.9"," 0","999.9"," 0","999.9"," 0","999.9","999.9","  90.7"," ","  67.5"," "," 0.00","G","999.9","000000"
"99999923908","2011-08-23","37.4277","-94.5829","290.2","JOPLIN 24 N, MO US","  79.3","24","9999.9"," 0","9999.9"," 0","999.9"," 0","999.9"," 0","999.9"," 0","999.9","999.9","  96.4","*","  66.9"," "," 0.00","G","999.9","000000"
"99999923908","2011-08-24","37.4277","-94.5829","290.2","JOPLIN 24 N, MO US","  86.7","24","9999.9"," 0","9999.9"," 0","999.9"," 0","999.9"," 0","999.9"," 0","999.9","999.9"," 102.4"," ","  73.6"," "," 0.00","G","999.9","000000"
"99999923908","2011-08-25","37.4277","-94.5829","290.2","JOPLIN 24 N, MO US","  79.4","24","9999.9"," 0","9999.9"," 0","999.9"," 0","999.9"," 0","999.9"," 0","999.9","999.9"," 101.1"," ","  63.5"," "," 0.00","G","999.9","000000"
"99999923908","2011-08-26","37.4277","-94.5829","290.2","JOPLIN 24 N, MO US","  72.1","24","9999.9"," 0","9999.9"," 0","999.9"," 0","999.9"," 0","999.9"," 0","999.9","999.9","  94.3","*","  54.9"," "," 0.00","G","999.9","000000"
"99999923908","2011-08-27","37.4277","-94.5829","290.2","JOPLIN 24 N, MO US","  77.9","24","9999.9"," 0","9999.9"," 0","999.9"," 0","999.9"," 0","999.9"," 0","999.9","999.9","  97.7"," ","  62.1"," "," 0.00","G","999.9","000000"
"99999923908","2011-08-28","37.4277","-94.5829","290.2","JOPLIN 24 N, MO US","  78.3","24","9999.9"," 0","9999.9"," 0","999.9"," 0","999.9"," 0","999.9"," 0","999.9","999.9","  98.8"," ","  62.4"," "," 0.00","G","999.9","000000"
"99999923908","2011-08-29","37.4277","-94.5829","290.2","JOPLIN 24 N, MO US","  79.7","24","9999.9"," 0","9999.9"," 0","999.9"," 0","999.9"," 0","999.9"," 0","999.9","999.9","  94.5"," ","  64.6"," "," 0.00","G","999.9","000000"
"99999923908","2011-08-30","37.4277","-94.5829","290.2","JOPLIN 24 N, MO US","  81.5","24","9999.9"," 0","9999.9"," 0","999.9"," 0","999.9"," 0","999.9"," 0","999.9","999.9","  93.7"," ","  72.5"," "," 0.00","G","999.9","000000"
"99999923908","2011-08-31","37.4277","-94.5829","290.2","JOPLIN 24 N, MO US","  85.9","24","9999.9"," 0","9999.9"," 0","999.9"," 0","999.9"," 0","999.9"," 0","999.9","999.9"," 103.6"," ","  72.1"," "," 0.00","G","999.9","000000"
"99999923908","2011-09-01","37.4277","-94.5829","290.2","JOPLIN 24 N, MO US","  88.5","24","9999.9"," 0","9999.9"," 0","999.9"," 0","999.9"," 0","999.9"," 0","999.9","999.9"," 102.0"," ","  73.4"," "," 0.00","G","999.9","000000"
"99999923908","2011-09-02","37.4277","-94.5829","290.2","JOPLIN 24 N, MO US","  85.0","24","9999.9"," 0","9999.9"," 0","999.9"," 0","999.9"," 0","999.9"," 0","999.9","999.9","  99.3"," ","  70.3"," "," 0.00","G","999.9","000000"
"99999923908","2011-09-03","37.4277","-94.5829","290.2","JOPLIN 24 N, MO US","  82.0","24","9999.9"," 0","9999.9"," 0","999.9"," 0","999.9"," 0","999.9"," 0","999.9","999.9","  97.5"," ","  67.5"," "," 0.00","G","999.9","000000"
"99999923908","2011-09-04","37.4277","-94.5829","290.2","JOPLIN 24 N, MO US","  72.2","24","9999.9"," 0","9999.9"," 0","999.9"," 0","999.9"," 0","999.9"," 0","999.9","999.9","  93.4"," ","  62.4"," "," 0.03","G","999.9","000000"
"99999923908","2011-09-05","37.4277","-94.5829","290.2","JOPLIN 24 N, MO US","  62.6","24","9999.9"," 0","9999.9"," 0","999.9"," 0","999.9"," 0","999.9"," 0","999.9","999.9","  76.3"," ","  51.4"," "," 0.19","G","999.9","000000"
"99999923908","2011-09-06","37.4277","-94.5829","290.2","JOPLIN 24 N, MO US","  59.2","24","9999.9"," 0","9999.9"," 0","999.9"," 0","999.9"," 0","999.9"," 0","999.9","999.9","  78.4"," ","  44.6"," "," 0.00","G","999.9","000000"
"99999923908","2011-09-07","37.4277","-94.5829","290.2","JOPLIN 24 N, MO US","  59.0","24","9999.9"," 0","9999.9"," 0","999.9"," 0","999.9"," 0","999.9"," 0","999.9","999.9","  77.7"," ","  44.6"," "," 0.00","G","999.9","000000"
"99999923908","2011-09-08","37.4277","-94.5829","290.2","JOPLIN 24 N, MO US","  62.5","24","9999.9"," 0","9999.9"," 0","999.9"," 0","999.9"," 0","999.9"," 0","999.9","999.9","  80.8"," ","  48.7"," "," 0.00","G","999.9","000000"
"99999923908","2011-09-09","37.4277","-94.5829","290.2","JOPLIN 24 N, MO US","  66.7","24","9999.9"," 0","9999.9"," 0","999.9"," 0","999.9"," 0","999.9"," 0","999.9","999.9","  83.3"," ","  52.5"," "," 0.00","G","999.9","000000"
"99999923908","2011-09-10","37.4277","-94.5829","290.2","JOPLIN 24 N, MO US","  66.8","24","9999.9"," 0","9999.9"," 0","999.9"," 0","999.9"," 0","999.9"," 0","999.9","999.9","  83.7"," ","  51.1"," "," 0.00","G","999.9","000000"
"99999923908","2011-09-11","37.4277","-94.5829","290.2","JOPLIN 24 N, MO US","  67.5","24","9999.9"," 0","9999.9"," 0","999.9"," 0","999.9"," 0","999.9"," 0","999.9","999.9","  85.1"," ","  54.1"," "," 0.00","G","999.9","000000"
"99999923908","2011-09-12","37.4277","-94.5829","290.2","JOPLIN 24 N, MO US","  70.7","24","9999.9"," 0","9999.9"," 0","999.9"," 0","999.9"," 0","999.9"," 0","999.9","999.9","  93.4"," ","  51.3"," "," 0.00","G","999.9","000000"
"99999923908","2011-09-13","37.4277","-94.5829","290.2","JOPLIN 24 N, MO US","  79.4","24","9999.9"," 0","9999.9"," 0","999.9"," 0","999.9"," 0","999.9"," 0","999.9","999.9"," 100.9"," ","  61.2"," "," 0.00","G","999.9","000000"
"99999923908","2011-09-14","37.4277","-94.5829","290.2","JOPLIN 24 N, MO US","  67.3","24","9999.9"," 0","9999.9"," 0","999.9"," 0","999.9"," 0","999.9"," 0","999.9","999.9","  96.6"," ","  55.9"," "," 0.00","G","999.9","000000"
"99999923908","2011-09-15","37.4277","-94.5829","290.2","JOPLIN 24 N, MO US","  53.7","24","9999.9"," 0","9999.9"," 0","999.9"," 0","999.9"," 0","999.9"," 0","999.9","999.9","  65.3"," ","  40.8"," "," 0.51","G","999.9","000000"
"99999923908","2011-09-16","37.4277","-94.5829","290.2","JOPLIN 24 N, MO US","  54.9","24","9999.9"," 0","9999.9"," 0","999.9"," 0","999.9"," 0","999.9"," 0","999.9","999.9","  61.2"," ","  51.6"," "," 0.00","G","999.9","000000"
"99999923908","2011-09-17","37.4277","-94.5829","290.2","JOPLIN 24 N, MO US","  57.4","24","9999.9"," 0","9999.9"," 0","999.9"," 0","999.9"," 0","999.9"," 0","999.9","999.9","  62.2"," ","  55.0"," "," 0.06","G","999.9","000000"
"99999923908","2011-09-18","37.4277","-94.5829","290.2","JOPLIN 24 N, MO US","  62.8","24","9999.9"," 0","9999.9"," 0","999.9"," 0","999.9"," 0","999.9"," 0","999.9","999.9","  71.1"," ","  57.6"," "," 1.23","G","999.9","000000"
"99999923908","2011-09-19","37.4277","-94.5829","290.2","JOPLIN 24 N, MO US","  65.5","24","9999.9"," 0","9999.9"," 0","999.9"," 0","999.9"," 0","999.9"," 0","999.9","999.9","  80.1"," ","  57.4"," "," 0.32","G","999.9","000000"
"99999923908","2011-09-20","37.4277","-94.5829","290.2","JOPLIN 24 N, MO US","  63.9","24","9999.9"," 0","9999.9"," 0","999.9"," 0","999.9"," 0","999.9"," 0","999.9","999.9","  81.0"," ","  48.6"," "," 0.00","G","999.9","000000"
"99999923908","2011-09-21","37.4277","-94.5829","290.2","JOPLIN 24 N, MO US","  63.2","24","9999.9"," 0","9999.9"," 0","999.9"," 0","999.9"," 0","999.9"," 0","999.9","999.9","  78.8"," ","  53.2"," "," 0.00","G","999.9","000000"
"99999923908","2011-09-22","37.4277","-94.5829","290.2","JOPLIN 24 N, MO US","  60.2","24","9999.9"," 0","9999.9"," 0","999.9"," 0","999.9"," 0","999.9"," 0","999.9","999.9","  71.6"," ","  54.0"," "," 0.11","G","999.9","000000"
"99999923908","2011-09-23","37.4277","-94.5829","290.2","JOPLIN 24 N, MO US","  59.8","24","9999.9"," 0","9999.9"," 0","999.9"," 0","999.9"," 0","999.9"," 0","999.9","999.9","  77.2"," ","  47.1"," "," 0.07","G","999.9","000000"
"99999923908","2011-09-24","37.4277","-94.5829","290.2","JOPLIN 24 N, MO US","  60.3","24","9999.9"," 0","9999.9"," 0","999.9"," 0","999.9"," 0","999.9"," 0","999.9","999.9","  73.2"," ","  53.1"," "," 0.00","G","999.9","000000"
"99999923908","2011-09-25","37.4277","-94.5829","290.2","JOPLIN 24 N, MO US","  59.5","24","9999.9"," 0","9999.9"," 0","999.9"," 0","999.9"," 0","999.9"," 0","999.9","999.9","  70.5"," ","  47.1"," "," 0.00","G","999.9","000000"
"99999923908","2011-09-26","37.4277","-94.5829","290.2","JOPLIN 24 N, MO US","  53.8","24","9999.9"," 0","9999.9"," 0","999.9"," 0","999.9"," 0","999.9"," 0","999.9","999.9","  73.4"," ","  36.3"," "," 0.00","G","999.9","000000"
"99999923908","2011-09-27","37.4277","-94.5829","290.2","JOPLIN 24 N, MO US","  61.4","24","9999.9"," 0","9999.9"," 0","999.9"," 0","999.9"," 0","999.9"," 0","999.9","999.9","  81.9"," ","  46.2"," "," 0.00","G","999.9","000000"
"99999923908","2011-09-28","37.4277","-94.5829","290.2","JOPLIN 24 N, MO US","  65.1","24","9999.9"," 0","9999.9"," 0","999.9"," 0","999.9"," 0","999.9"," 0","999.9","999.9","  86.4"," ","  45.9"," "," 0.00","G","999.9","000000"
"99999923908","2011-09-29","37.4277","-94.5829","290.2","JOPLIN 24 N, MO US","  68.3","24","9999.9"," 0","9999.9"," 0","999.9"," 0","999.9"," 0","999.9"," 0","999.9","999.9","  87.1"," ","  51.3"," "," 0.00","G","999.9","000000"
"99999923908","2011-09-30","37.4277","-94.5829","290.2","JOPLIN 24 N, MO US","  61.2","24","9999.9"," 0","9999.9"," 0","999.9"," 0","999.9"," 0","999.9"," 0","999.9","999.9","  77.0"," ","  48.4"," "," 0.00","G","999.9","000000"
"99999923908","2011-10-01","37.4277","-94.5829","290.2","JOPLIN 24 N, MO US","  55.8","24","9999.9"," 0","9999.9"," 0","999.9"," 0","999.9"," 0","999.9"," 0","999.9","999.9","  73.9"," ","  37.0"," "," 0.00","G","999.9","000000"
"99999923908","2011-10-02","37.4277","-94.5829","290.2","JOPLIN 24 N, MO US","  54.9","24","9999.9"," 0","9999.9"," 0","999.9"," 0","999.9"," 0","999.9"," 0","999.9","999.9","  76.3"," ","  34.9"," "," 0.00","G","999.9","000000"
"99999923908","2011-10-03","37.4277","-94.5829","290.2","JOPLIN 24 N, MO US","  58.5","24","9999.9"," 0","9999.9"," 0","999.9"," 0","999.9"," 0","999.9"," 0","999.9","999.9","  81.1"," ","  40.6"," "," 0.00","G","999.9","000000"
"99999923908","2011-10-04","37.4277","-94.5829","290.2","JOPLIN 24 N, MO US","  63.0","24","9999.9"," 0","9999.9"," 0","999.9"," 0","999.9"," 0","999.9"," 0","999.9","999.9","  84.6"," ","  45.0"," "," 0.00","G","999.9","000000"
"99999923908","2011-10-05","37.4277","-94.5829","290.2","JOPLIN 24 N, MO US","  62.6","24","9999.9"," 0","9999.9"," 0","999.9"," 0","999.9"," 0","999.9"," 0","999.9","999.9","  83.3"," ","  43.9"," "," 0.00","G","999.9","000000"
"99999923908","2011-10-06","37.4277","-94.5829","290.2","JOPLIN 24 N, MO US","  64.1","24","9999.9"," 0","9999.9"," 0","999.9"," 0","999.9"," 0","999.9"," 0","999.9","999.9","  85.5"," ","  45.0"," "," 0.00","G","999.9","000000"
"99999923908","2011-10-07","37.4277","-94.5829","290.2","JOPLIN 24 N, MO US","  72.6","24","9999.9"," 0","9999.9"," 0","999.9"," 0","999.9"," 0","999.9"," 0","999.9","999.9","  84.7"," ","  63.9"," "," 0.00","G","999.9","000000"
"99999923908","2011-10-08","37.4277","-94.5829","290.2","JOPLIN 24 N, MO US","  72.5","24","9999.9"," 0","9999.9"," 0","999.9"," 0","999.9"," 0","999.9"," 0","999.9","999.9","  84.6"," ","  64.2"," "," 0.00","G","999.9","000000"
"99999923908","2011-10-09","37.4277","-94.5829","290.2","JOPLIN 24 N, MO US","  69.2","24","9999.9"," 0","9999.9"," 0","999.9"," 0","999.9"," 0","999.9"," 0","999.9","999.9","  82.6"," ","  57.7"," "," 0.00","G","999.9","000000"
"99999923908","2011-10-10","37.4277","-94.5829","290.2","JOPLIN 24 N, MO US","  64.8","24","9999.9"," 0","9999.9"," 0","999.9"," 0","999.9"," 0","999.9"," 0","999.9","999.9","  75.7"," ","  58.6"," "," 0.00","G","999.9","000000"
"99999923908","2011-10-11","37.4277","-94.5829","290.2","JOPLIN 24 N, MO US","  62.3","24","9999.9"," 0","9999.9"," 0","999.9"," 0","999.9"," 0","999.9"," 0","999.9","999.9","  78.8"," ","  51.3"," "," 0.15","G","999.9","000000"
"99999923908","2011-10-12","37.4277","-94.5829","290.2","JOPLIN 24 N, MO US","  64.5","24","9999.9"," 0","9999.9"," 0","999.9"," 0","999.9"," 0","999.9"," 0","999.9","999.9","  79.9"," ","  54.3"," "," 0.00","G","999.9","000000"
"99999923908","2011-10-13","37.4277","-94.5829","290.2","JOPLIN 24 N, MO US","  64.9","24","9999.9"," 0","9999.9"," 0","999.9"," 0","999.9"," 0","999.9"," 0","999.9","999.9","  77.0"," ","  52.5"," "," 0.04","G","999.9","000000"
"99999923908","2011-10-14","37.4277","-94.5829","290.2","JOPLIN 24 N, MO US","  57.0","24","9999.9"," 0","9999.9"," 0","999.9"," 0","999.9"," 0","999.9"," 0","999.9","999.9","  76.5"," ","  40.8"," "," 0.00","G","999.9","000000"
"99999923908","2011-10-15","37.4277","-94.5829","290.2","JOPLIN 24 N, MO US","  55.9","24","9999.9"," 0","9999.9"," 0","999.9"," 0","999.9"," 0","999.9"," 0","999.9","999.9","  78.8"," ","  35.6"," "," 0.00","G","999.9","000000"
"99999923908","2011-10-16","37.4277","-94.5829","290.2","JOPLIN 24 N, MO US","  68.8","24","9999.9"," 0","9999.9"," 0","999.9"," 0","999.9"," 0","999.9"," 0","999.9","999.9","  86.4"," ","  57.2"," "," 0.00","G","999.9","000000"
"99999923908","2011-10-17","37.4277","-94.5829","290.2","JOPLIN 24 N, MO US","  57.9","24","9999.9"," 0","9999.9"," 0","999.9"," 0","999.9"," 0","999.9"," 0","999.9","999.9","  77.7"," ","  44.8"," "," 0.00","G","999.9","000000"
"99999923908","2011-10-18","37.4277","-94.5829","290.2","JOPLIN 24 N, MO US","  50.2","24","9999.9"," 0","9999.9"," 0","999.9"," 0","999.9"," 0","999.9"," 0","999.9","999.9","  62.1"," ","  43.2"," "," 0.74","G","999.9","000000"
"99999923908","2011-10-19","37.4277","-94.5829","290.2","JOPLIN 24 N, MO US","  43.0","24","9999.9"," 0","9999.9"," 0","999.9"," 0","999.9"," 0","999.9"," 0","999.9","999.9","  54.0"," ","  34.0"," "," 0.01","G","999.9","000000"
"99999923908","2011-10-20","37.4277","-94.5829","290.2","JOPLIN 24 N, MO US","  41.7","24","9999.9"," 0","9999.9"," 0","999.9"," 0","999.9"," 0","999.9"," 0","999.9","999.9","  57.4"," ","  28.6"," "," 0.00","G","999.9","000000"
"99999923908","2011-10-21","37.4277","-94.5829","290.2","JOPLIN 24 N, MO US","  45.4","24","9999.9"," 0","9999.9"," 0","999.9"," 0","999.9"," 0","999.9"," 0","999.9","999.9","  70.3"," ","  27.7"," "," 0.00","G","999.9","000000"
"99999923908","2011-10-22","37.4277","-94.5829","290.2","JOPLIN 24 N, MO US","  54.7","24","9999.9"," 0","9999.9"," 0","999.9"," 0","999.9"," 0","999.9"," 0","999.9","999.9","  73.9"," ","  38.7"," "," 0.00","G","999.9","000000"
"99999923908","2011-10-23","37.4277","-94.5829","290.2","JOPLIN 24 N, MO US","  57.8","24","9999.9"," 0","9999.9"," 0","999.9"," 0","999.9"," 0","999.9"," 0","999.9","999.9","  75.6"," ","  41.4"," "," 0.00","G","999.9","000000"
"99999923908","2011-10-24","37.4277","-94.5829","290.2","JOPLIN 24 N, MO US","  60.8","24","9999.9"," 0","9999.9"," 0","999.9"," 0","999.9"," 0","999.9"," 0","999.9","999.9","  81.3"," ","  42.3"," "," 0.00","G","999.9","000000"
"99999923908","2011-10-25","37.4277","-94.5829","290.2","JOPLIN 24 N, MO US","  68.2","24","9999.9"," 0","9999.9"," 0","999.9"," 0","999.9"," 0","999.9"," 0","999.9","999.9","  83.8"," ","  57.2"," "," 0.00","G","999.9","000000"
"99999923908","2011-10-26","37.4277","-94.5829","290.2","JOPLIN 24 N, MO US","  58.2","24","9999.9"," 0","9999.9"," 0","999.9"," 0","999.9"," 0","999.9"," 0","999.9","999.9","  78.3"," ","  49.1"," "," 0.00","G","999.9","000000"
"99999923908","2011-10-27","37.4277","-94.5829","290.2","JOPLIN 24 N, MO US","  50.8","24","9999.9"," 0","9999.9"," 0","999.9"," 0","999.9"," 0","999.9"," 0","999.9","999.9","  59.4"," ","  46.9"," "," 0.00","G","999.9","000000"
"99999923908","2011-10-28","37.4277","-94.5829","290.2","JOPLIN 24 N, MO US","  46.5","24","9999.9"," 0","9999.9"," 0","999.9"," 0","999.9"," 0","999.9"," 0","999.9","999.9","  60.8"," ","  30.2"," "," 0.00","G","999.9","000000"
"99999923908","2011-10-29","37.4277","-94.5829","290.2","JOPLIN 24 N, MO US","  45.8","23","9999.9"," 0","9999.9"," 0","999.9"," 0","999.9"," 0","999.9"," 0","999.9","999.9","  66.7","*","  28.9"," "," 0.00","G","999.9","000000"
"99999923908","2011-10-30","37.4277","-94.5829","290.2","JOPLIN 24 N, MO US","  52.5","24","9999.9"," 0","9999.9"," 0","999.9"," 0","999.9"," 0","999.9"," 0","999.9","999.9","  64.4","*","  43.3"," "," 0.00","I","999.9","000000"
"99999923908","2011-10-31","37.4277","-94.5829","290.2","JOPLIN 24 N, MO US","  47.9","24","9999.9"," 0","9999.9"," 0","999.9"," 0","999.9"," 0","999.9"," 0","999.9","999.9","  72.1"," ","  30.9"," "," 0.00","G","999.9","000000"
"99999923908","2011-11-01","37.4277","-94.5829","290.2","JOPLIN 24 N, MO US","  59.2","24","9999.9"," 0","9999.9"," 0","999.9"," 0","999.9"," 0","999.9"," 0","999.9","999.9","  76.6"," ","  42.3"," "," 0.00","G","999.9","000000"
"99999923908","2011-11-02","37.4277","-94.5829","290.2","JOPLIN 24 N, MO US","  58.2","24","9999.9"," 0","9999.9"," 0","999.9"," 0","999.9"," 0","999.9"," 0","999.9","999.9","  69.8"," ","  46.4"," "," 0.00","G","999.9","000000"
"99999923908","2011-11-03","37.4277","-94.5829","290.2","JOPLIN 24 N, MO US","  44.6","24","9999.9"," 0","9999.9"," 0","999.9"," 0","999.9"," 0","999.9"," 0","999.9","999.9","  60.1"," ","  34.5"," "," 1.28","G","999.9","000000"
"99999923908","2011-11-04","37.4277","-94.5829","290.2","JOPLIN 24 N, MO US","  43.7","24","9999.9"," 0","9999.9"," 0","999.9"," 0","999.9"," 0","999.9"," 0","999.9","999.9","  60.3"," ","  30.9"," "," 0.07","G","999.9","000000"
"99999923908","2011-11-05","37.4277","-94.5829","290.2","JOPLIN 24 N, MO US","  49.8","24","9999.9"," 0","9999.9"," 0","999.9"," 0","999.9"," 0","999.9"," 0","999.9","999.9","  64.4"," ","  40.6"," "," 0.00","G","999.9","000000"
"99999923908","2011-11-06","37.4277","-94.5829","290.2","JOPLIN 24 N, MO US","  58.4","24","9999.9"," 0","9999.9"," 0","999.9"," 0","999.9"," 0","999.9"," 0","999.9","999.9","  67.8"," ","  49.8"," "," 0.00","G","999.9","000000"
"99999923908","2011-11-07","37.4277","-94.5829","290.2","JOPLIN 24 N, MO US","  61.3","24","9999.9"," 0","9999.9"," 0","999.9"," 0","999.9"," 0","999.9"," 0","999.9","999.9","  64.2"," ","  59.5"," "," 0.00","G","999.9","000000"
"99999923908","2011-11-08","37.4277","-94.5829","290.2","JOPLIN 24 N, MO US","  60.0","24","9999.9"," 0","9999.9"," 0","999.9"," 0","999.9"," 0","999.9"," 0","999.9","999.9","  64.8"," ","  56.5"," "," 0.30","G","999.9","000000"
"99999923908","2011-11-09","37.4277","-94.5829","290.2","JOPLIN 24 N, MO US","  48.2","24","9999.9"," 0","9999.9"," 0","999.9"," 0","999.9"," 0","999.9"," 0","999.9","999.9","  61.5"," ","  38.3"," "," 1.42","G","999.9","000000"
"99999923908","2011-11-10","37.4277","-94.5829","290.2","JOPLIN 24 N, MO US","  41.4","24","9999.9"," 0","9999.9"," 0","999.9"," 0","999.9"," 0","999.9"," 0","999.9","999.9","  55.0"," ","  29.5"," "," 0.00","G","999.9","000000"
"99999923908","2011-11-11","37.4277","-94.5829","290.2","JOPLIN 24 N, MO US","  46.6","24","9999.9"," 0","9999.9"," 0","999.9"," 0","999.9"," 0","999.9"," 0","999.9","999.9","  66.6"," ","  33.1"," "," 0.00","G","999.9","000000"
"99999923908","2011-11-12","37.4277","-94.5829","290.2","JOPLIN 24 N, MO US","  55.1","24","9999.9"," 0","9999.9"," 0","999.9"," 0","999.9"," 0","999.9"," 0","999.9","999.9","  64.6"," ","  48.9"," "," 0.00","G","999.9","000000"
"99999923908","2011-11-13","37.4277","-94.5829","290.2","JOPLIN 24 N, MO US","  64.0","24","9999.9"," 0","9999.9"," 0","999.9"," 0","999.9"," 0","999.9"," 0","999.9","999.9","  72.3"," ","  56.1","*"," 0.00","G","999.9","000000"
"99999923908","2011-11-14","37.4277","-94.5829","290.2","JOPLIN 24 N, MO US","  62.6","24","9999.9"," 0","9999.9"," 0","999.9"," 0","999.9"," 0","999.9"," 0","999.9","999.9","  70.0"," ","  51.1"," "," 0.00","G","999.9","000000"
"99999923908","2011-11-15","37.4277","-94.5829","290.2","JOPLIN 24 N, MO US","  52.6","24","9999.9"," 0","9999.9"," 0","999.9"," 0","999.9"," 0","999.9"," 0","999.9","999.9","  66.9"," ","  38.1"," "," 0.00","G","999.9","000000"
"99999923908","2011-11-16","37.4277","-94.5829","290.2","JOPLIN 24 N, MO US","  43.5","24","9999.9"," 0","9999.9"," 0","999.9"," 0","999.9"," 0","999.9"," 0","999.9","999.9","  59.7"," ","  32.4"," "," 0.00","G","999.9","000000"
"99999923908","2011-11-17","37.4277","-94.5829","290.2","JOPLIN 24 N, MO US","  33.2","24","9999.9"," 0","9999.9"," 0","999.9"," 0","999.9"," 0","999.9"," 0","999.9","999.9","  46.6"," ","  22.3"," "," 0.13","G","999.9","000000"
"99999923908","2011-11-18","37.4277","-94.5829","290.2","JOPLIN 24 N, MO US","  44.2","24","9999.9"," 0","9999.9"," 0","999.9"," 0","999.9"," 0","999.9"," 0","999.9","999.9","  60.1"," ","  34.7"," "," 0.02","G","999.9","000000"
"99999923908","2011-11-19","37.4277","-94.5829","290.2","JOPLIN 24 N, MO US","  58.8","24","9999.9"," 0","9999.9"," 0","999.9"," 0","999.9"," 0","999.9"," 0","999.9","999.9","  71.8"," ","  49.8"," "," 0.00","G","999.9","000000"
"99999923908","2011-11-20","37.4277","-94.5829","290.2","JOPLIN 24 N, MO US","  39.7","24","9999.9"," 0","9999.9"," 0","999.9"," 0","999.9"," 0","999.9"," 0","999.9","999.9","  65.8"," ","  33.4"," "," 0.00","G","999.9","000000"
"99999923908","2011-11-21","37.4277","-94.5829","290.2","JOPLIN 24 N, MO US","  37.4","24","9999.9"," 0","9999.9"," 0","999.9"," 0","999.9"," 0","999.9"," 0","999.9","999.9","  41.2"," ","  35.4"," "," 0.04","G","999.9","000000"
"99999923908","2011-11-22","37.4277","-94.5829","290.2","JOPLIN 24 N, MO US","  43.1","24","9999.9"," 0","9999.9"," 0","999.9"," 0","999.9"," 0","999.9"," 0","999.9","999.9","  46.8"," ","  40.6"," "," 0.46","G","999.9","000000"
"99999923908","2011-11-23","37.4277","-94.5829","290.2","JOPLIN 24 N, MO US","  45.1","24","9999.9"," 0","9999.9"," 0","999.9"," 0","999.9"," 0","999.9"," 0","999.9","999.9","  59.2"," ","  31.1"," "," 0.28","G","999.9","000000"
"99999923908","2011-11-24","37.4277","-94.5829","290.2","JOPLIN 24 N, MO US","  47.7","24","9999.9"," 0","9999.9"," 0","999.9"," 0","999.9"," 0","999.9"," 0","999.9","999.9","  64.4"," ","  36.1"," "," 0.00","G","999.9","000000"
"99999923908","2011-11-25","37.4277","-94.5829","290.2","JOPLIN 24 N, MO US","  50.4","24","9999.9"," 0","9999.9"," 0","999.9"," 0","999.9"," 0","999.9"," 0","999.9","999.9","  64.2"," ","  42.1"," "," 0.00","G","999.9","000000"
"99999923908","2011-11-26","37.4277","-94.5829","290.2","JOPLIN 24 N, MO US","  53.2","24","9999.9"," 0","9999.9"," 0","999.9"," 0","999.9"," 0","999.9"," 0","999.9","999.9","  59.2"," ","  41.4"," "," 0.00","G","999.9","000000"
"99999923908","2011-11-27","37.4277","-94.5829","290.2","JOPLIN 24 N, MO US","  38.9","24","9999.9"," 0","9999.9"," 0","999.9"," 0","999.9"," 0","999.9"," 0","999.9","999.9","  43.5"," ","  32.0","*"," 1.48","G","999.9","000000"
"99999923908","2011-11-28","37.4277","-94.5829","290.2","JOPLIN 24 N, MO US","  29.7","24","9999.9"," 0","9999.9"," 0","999.9"," 0","999.9"," 0","999.9"," 0","999.9","999.9","  39.2"," ","  22.6"," "," 0.00","G","999.9","000000"
"99999923908","2011-11-29","37.4277","-94.5829","290.2","JOPLIN 24 N, MO US","  35.3","24","9999.9"," 0","9999.9"," 0","999.9"," 0","999.9"," 0","999.9"," 0","999.9","999.9","  50.2"," ","  26.2"," "," 0.00","G","999.9","000000"
"99999923908","2011-11-30","37.4277","-94.5829","290.2","JOPLIN 24 N, MO US","  34.4","24","9999.9"," 0","9999.9"," 0","999.9"," 0","999.9"," 0","999.9"," 0","999.9","999.9","  50.4"," ","  19.2"," "," 0.00","G","999.9","000000"
"99999923908","2011-12-01","37.4277","-94.5829","290.2","JOPLIN 24 N, MO US","  41.6","24","9999.9"," 0","9999.9"," 0","999.9"," 0","999.9"," 0","999.9"," 0","999.9","999.9","  59.0"," ","  30.9"," "," 0.00","G","999.9","000000"
"99999923908","2011-12-02","37.4277","-94.5829","290.2","JOPLIN 24 N, MO US","  38.7","24","9999.9"," 0","9999.9"," 0","999.9"," 0","999.9"," 0","999.9"," 0","999.9","999.9","  51.6"," ","  31.8"," "," 0.00","G","999.9","000000"
"99999923908","2011-12-03","37.4277","-94.5829","290.2","JOPLIN 24 N, MO US","  48.1","24","9999.9"," 0","9999.9"," 0","999.9"," 0","999.9"," 0","999.9"," 0","999.9","999.9","  58.5"," ","  39.7"," "," 0.06","G","999.9","000000"
"99999923908","2011-12-04","37.4277","-94.5829","290.2","JOPLIN 24 N, MO US","  41.5","24","9999.9"," 0","9999.9"," 0","999.9"," 0","999.9"," 0","999.9"," 0","999.9","999.9","  55.4"," ","  35.1"," "," 0.74","G","999.9","000000"
"99999923908","2011-12-05","37.4277","-94.5829","290.2","JOPLIN 24 N, MO US","  30.2","24","9999.9"," 0","9999.9"," 0","999.9"," 0","999.9"," 0","999.9"," 0","999.9","999.9","  37.6"," ","  27.0"," "," 0.00","G","999.9","000000"
"99999923908","2011-12-06","37.4277","-94.5829","290.2","JOPLIN 24 N, MO US","  26.5","24","9999.9"," 0","9999.9"," 0","999.9"," 0","999.9"," 0","999.9"," 0","999.9","999.9","  30.6"," ","  23.0"," "," 0.00","G","999.9","000000"
"99999923908","2011-12-07","37.4277","-94.5829","290.2","JOPLIN 24 N, MO US","  25.1","24","9999.9"," 0","9999.9"," 0","999.9"," 0","999.9"," 0","999.9"," 0","999.9","999.9","  39.0"," ","  15.3"," "," 0.01","G","999.9","000000"
"99999923908","2011-12-08","37.4277","-94.5829","290.2","JOPLIN 24 N, MO US","  30.5","24","9999.9"," 0","9999.9"," 0","999.9"," 0","999.9"," 0","999.9"," 0","999.9","999.9","  45.9"," ","  22.6"," "," 0.03","G","999.9","000000"
"99999923908","2011-12-09","37.4277","-94.5829","290.2","JOPLIN 24 N, MO US","  30.5","24","9999.9"," 0","9999.9"," 0","999.9"," 0","999.9"," 0","999.9"," 0","999.9","999.9","  40.1"," ","  24.1"," "," 0.00","G","999.9","000000"
"99999923908","2011-12-10","37.4277","-94.5829","290.2","JOPLIN 24 N, MO US","  28.7","24","9999.9"," 0","9999.9"," 0","999.9"," 0","999.9"," 0","999.9"," 0","999.9","999.9","  42.6"," ","  18.9"," "," 0.00","G","999.9","000000"
"99999923908","2011-12-11","37.4277","-94.5829","290.2","JOPLIN 24 N, MO US","  34.3","24","9999.9"," 0","9999.9"," 0","999.9"," 0","999.9"," 0","999.9"," 0","999.9","999.9","  51.4"," ","  23.7"," "," 0.00","G","999.9","000000"
"99999923908","2011-12-12","37.4277","-94.5829","290.2","JOPLIN 24 N, MO US","  41.1","24","9999.9"," 0","9999.9"," 0","999.9"," 0","999.9"," 0","999.9"," 0","999.9","999.9","  46.0"," ","  34.9"," "," 0.01","G","999.9","000000"
"99999923908","2011-12-13","37.4277","-94.5829","290.2","JOPLIN 24 N, MO US","  42.2","24","9999.9"," 0","9999.9"," 0","999.9"," 0","999.9"," 0","999.9"," 0","999.9","999.9","  48.4"," ","  39.0"," "," 0.04","G","999.9","000000"
"99999923908","2011-12-14","37.4277","-94.5829","290.2","JOPLIN 24 N, MO US","  54.4","24","9999.9"," 0","9999.9"," 0","999.9"," 0","999.9"," 0","999.9"," 0","999.9","999.9","  60.1"," ","  44.8"," "," 0.18","G","999.9","000000"
"99999923908","2011-12-15","37.4277","-94.5829","290.2","JOPLIN 24 N, MO US","  48.1","24","9999.9"," 0","9999.9"," 0","999.9"," 0","999.9"," 0","999.9"," 0","999.9","999.9","  60.4"," ","  34.7"," "," 0.08","G","999.9","000000"
"99999923908","2011-12-16","37.4277","-94.5829","290.2","JOPLIN 24 N, MO US","  31.3","24","9999.9"," 0","9999.9"," 0","999.9"," 0","999.9"," 0","999.9"," 0","999.9","999.9","  41.0"," ","  23.7"," "," 0.00","G","999.9","000000"
"99999923908","2011-12-17","37.4277","-94.5829","290.2","JOPLIN 24 N, MO US","  33.5","24","9999.9"," 0","9999.9"," 0","999.9"," 0","999.9"," 0","999.9"," 0","999.9","999.9","  52.2"," ","  23.7"," "," 0.01","G","999.9","000000"
"99999923908","2011-12-18","37.4277","-94.5829","290.2","JOPLIN 24 N, MO US","  38.9","24","9999.9"," 0","9999.9"," 0","999.9"," 0","999.9"," 0","999.9"," 0","999.9","999.9","  56.3"," ","  28.2"," "," 0.03","G","999.9","000000"
"99999923908","2011-12-19","37.4277","-94.5829","290.2","JOPLIN 24 N, MO US","  48.8","24","9999.9"," 0","9999.9"," 0","999.9"," 0","999.9"," 0","999.9"," 0","999.9","999.9","  51.8"," ","  45.1"," "," 0.00","G","999.9","000000"
"99999923908","2011-12-20","37.4277","-94.5829","290.2","JOPLIN 24 N, MO US","  45.3","24","9999.9"," 0","9999.9"," 0","999.9"," 0","999.9"," 0","999.9"," 0","999.9","999.9","  47.8"," ","  40.6","*"," 1.70","G","999.9","000000"
"99999923908","2011-12-21","37.4277","-94.5829","290.2","JOPLIN 24 N, MO US","  37.9","24","9999.9"," 0","9999.9"," 0","999.9"," 0","999.9"," 0","999.9"," 0","999.9","999.9","  44.4"," ","  32.5"," "," 0.18","G","999.9","000000"
"99999923908","2011-12-22","37.4277","-94.5829","290.2","JOPLIN 24 N, MO US","  33.0","24","9999.9"," 0","9999.9"," 0","999.9"," 0","999.9"," 0","999.9"," 0","999.9","999.9","  38.8"," ","  28.4"," "," 0.00","G","999.9","000000"
"99999923908","2011-12-23","37.4277","-94.5829","290.2","JOPLIN 24 N, MO US","  31.0","24","9999.9"," 0","9999.9"," 0","999.9"," 0","999.9"," 0","999.9"," 0","999.9","999.9","  37.8"," ","  24.3"," "," 0.00","G","999.9","000000"
"99999923908","2011-12-24","37.4277","-94.5829","290.2","JOPLIN 24 N, MO US","  30.2","24","9999.9"," 0","9999.9"," 0","999.9"," 0","999.9"," 0","999.9"," 0","999.9","999.9","  48.7"," ","  21.2"," "," 0.00","G","999.9","000000"
"99999923908","2011-12-25","37.4277","-94.5829","290.2","JOPLIN 24 N, MO US","  35.6","24","9999.9"," 0","9999.9"," 0","999.9"," 0","999.9"," 0","999.9"," 0","999.9","999.9","  55.4"," ","  23.7"," "," 0.00","G","999.9","000000"
"99999923908","2011-12-26","37.4277","-94.5829","290.2","JOPLIN 24 N, MO US","  35.6","24","9999.9"," 0","9999.9"," 0","999.9"," 0","999.9"," 0","999.9"," 0","999.9","999.9","  44.6"," ","  26.2"," "," 0.02","G","999.9","000000"
"99999923908","2011-12-27","37.4277","-94.5829","290.2","JOPLIN 24 N, MO US","  39.7","24","9999.9"," 0","9999.9"," 0","999.9"," 0","999.9"," 0","999.9"," 0","999.9","999.9","  48.9"," ","  33.8"," "," 0.00","G","999.9","000000"
"99999923908","2011-12-28","37.4277","-94.5829","290.2","JOPLIN 24 N, MO US","  35.8","24","9999.9"," 0","9999.9"," 0","999.9"," 0","999.9"," 0","999.9"," 0","999.9","999.9","  54.9"," ","  23.4"," "," 0.00","G","999.9","000000"
"99999923908","2011-12-29","37.4277","-94.5829","290.2","JOPLIN 24 N, MO US","  41.8","24","9999.9"," 0","9999.9"," 0","999.9"," 0","999.9"," 0","999.9"," 0","999.9","999.9","  59.5"," ","  30.7"," "," 0.03","G","999.9","000000"
"99999923908","2011-12-30","37.4277","-94.5829","290.2","JOPLIN 24 N, MO US","  50.7","24","9999.9"," 0","9999.9"," 0","999.9"," 0","999.9"," 0","999.9"," 0","999.9","999.9","  59.2"," ","  42.8"," "," 0.00","G","999.9","000000"
"99999923908","2011-12-31","37.4277","-94.5829","290.2","JOPLIN 24 N, MO US","  46.7","24","9999.9"," 0","9999.9"," 0","999.9"," 0","999.9"," 0","999.9"," 0","999.9","999.9","  66.2"," ","  33.3"," "," 0.00","G","999.9","000000"
